;Angebot;KundenNr;Einloesedatum
1;6640a2057810a93511ae00bf4f66357e;c31d756e5ca8e94b41ff4ebd619b68d9;2021-07-01T11:17:11.297+0000
2;10278a9c5032bc7df577045c98e16bda;96d849e1394234ccb29e31e5e7e6722f;2021-07-01T13:46:29.099+0000
3;6640a2057810a93511ae00bf4f66357e;777e2512c1a9a28dc4a645e95a5b6afa;2021-07-02T10:52:59.087+0000
4;a6473e1fccb1f56b594f01ccddc52f8f;702728b8167a14b900f331076db52673;2021-07-03T08:41:21.163+0000
5;6ce58ed831850a365fbb0c1ee56ae4f0;017d2203c7556fe4deb6d341964717f9;2021-07-04T13:41:18.839+0000
6;6640a2057810a93511ae00bf4f66357e;deb18dbbce72feccb92ff88646983ebd;2021-07-05T06:43:12.226+0000
7;6640a2057810a93511ae00bf4f66357e;a4449c4f79c306d3accb595491c8e3e2;2021-07-05T06:48:11.781+0000
8;6640a2057810a93511ae00bf4f66357e;d4415df7734daa6a1490472d6836b657;2021-07-05T12:19:29.364+0000
9;8118dfb78850cd5c36f08861fe82350c;b766c44920839a66d15bcd46385d481a;2021-07-05T13:03:40.245+0000
10;a6473e1fccb1f56b594f01ccddc52f8f;b766c44920839a66d15bcd46385d481a;2021-07-05T13:04:59.643+0000
11;6640a2057810a93511ae00bf4f66357e;4859e813a9cfb8554fa3e93f1051810e;2021-07-06T07:02:26.830+0000
12;6640a2057810a93511ae00bf4f66357e;4859e813a9cfb8554fa3e93f1051810e;2021-07-06T07:11:33.665+0000
13;6640a2057810a93511ae00bf4f66357e;fd391120fb3de90a327d0c7a2e3a4540;2021-07-06T08:36:58.889+0000
14;26b5a61b402c66acceb970ce06a13bb2;af86323ca34d716332aaa59e384a0f9c;2021-07-06T09:57:33.354+0000
15;099c27b7abb01b75a54b2c83a4d2528d;33eb9e12a8aba5331b4df76190976419;2021-07-06T10:19:13.560+0000
16;099c27b7abb01b75a54b2c83a4d2528d;af86323ca34d716332aaa59e384a0f9c;2021-07-06T10:46:19.658+0000
17;6640a2057810a93511ae00bf4f66357e;6d8a4dfe2c2df9ec7a9fcc5836dd8722;2021-07-07T07:49:59.585+0000
18;6640a2057810a93511ae00bf4f66357e;61e52ee1e86776303754f32728f7a830;2021-07-07T09:28:28.223+0000
19;6640a2057810a93511ae00bf4f66357e;3bed9d034b83b7b516f2a4187102d53a;2021-07-08T06:42:46.856+0000
20;4d5dd373fd800f163e8c94710d10ac0e;213a1a4431a2297af4399ec1746c2955;2021-07-08T17:12:33.161+0000
21;21a9db22454ea0bca323a878c029b1c1;6c772e34df58b2a01d71223b4ea9ef08;2021-07-09T09:41:40.850+0000
22;26b5a61b402c66acceb970ce06a13bb2;5fb334c529387cf21106b7821b3e06f9;2021-07-09T09:56:23.289+0000
23;10278a9c5032bc7df577045c98e16bda;cfd5716bf29036e8295a43f0606c52e6;2021-07-09T10:03:36.504+0000
24;10278a9c5032bc7df577045c98e16bda;06b61b82b5a61d1d615c88854eec02ab;2021-07-09T10:05:30.384+0000
25;26b5a61b402c66acceb970ce06a13bb2;2c255938bb68387e3745efb3c2f88ff3;2021-07-09T10:12:03.756+0000
26;10278a9c5032bc7df577045c98e16bda;21dcbc59a319f407394bf744498e2132;2021-07-09T11:35:43.643+0000
27;21a9db22454ea0bca323a878c029b1c1;235dad99d67fdcb55f8e6553adf9428b;2021-07-09T12:46:39.509+0000
28;6640a2057810a93511ae00bf4f66357e;702728b8167a14b900f331076db52673;2021-07-10T09:13:19.291+0000
29;26b5a61b402c66acceb970ce06a13bb2;4e6b451ff189d177b6ad09e65ad8c264;2021-07-12T04:58:12.610+0000
30;6640a2057810a93511ae00bf4f66357e;d52b1ec6894195b31fe317a8baf0ddec;2021-07-12T08:53:03.481+0000
31;10278a9c5032bc7df577045c98e16bda;6e26b9c3f9b6fec4301e8b926b0b98fb;2021-07-12T09:38:05.166+0000
32;6640a2057810a93511ae00bf4f66357e;ade6c40612e003bb4e4e6746c9192893;2021-07-12T12:46:40.063+0000
33;26b5a61b402c66acceb970ce06a13bb2;af86323ca34d716332aaa59e384a0f9c;2021-07-14T12:22:06.740+0000
34;26b5a61b402c66acceb970ce06a13bb2;697d8bb6fb41f40df72299d48edfadb9;2021-07-15T08:35:36.061+0000
35;21a9db22454ea0bca323a878c029b1c1;6aee9ec553c39d1349ab3ed27d54e76a;2021-07-15T10:06:27.691+0000
36;26b5a61b402c66acceb970ce06a13bb2;2c255938bb68387e3745efb3c2f88ff3;2021-07-16T09:55:13.372+0000
37;a40023b85e5816cc24426a9eb306fab0;a6d5a42e5c1f0870839ab086c30fa0fc;2021-07-16T16:29:51.676+0000
38;21a9db22454ea0bca323a878c029b1c1;8afbc7ce2be2ab68183b1d6c8699eb72;2021-07-19T09:23:47.423+0000
39;10278a9c5032bc7df577045c98e16bda;8f05146912704657775d4d4077274a5f;2021-07-19T13:03:48.772+0000
40;26b5a61b402c66acceb970ce06a13bb2;529178ceecbf5dd3ab32bc049eaaa924;2021-07-19T13:25:33.538+0000
41;4c37c7cd2dd6ccdeed028b4ac3337ae4;1a5747e8716ea5e928434a8b840a2b6c;2021-07-20T20:29:49.997+0000
42;6640a2057810a93511ae00bf4f66357e;010efc2b1f749c9b5c9f6eecee7f6c09;2021-07-21T11:40:08.532+0000
43;21a9db22454ea0bca323a878c029b1c1;87ff196a90c40d57279bc993f8009dab;2021-07-21T12:53:07.516+0000
44;6640a2057810a93511ae00bf4f66357e;03a40e58c158c2207efb827f97338dc1;2021-07-22T07:01:23.725+0000
45;6640a2057810a93511ae00bf4f66357e;03a40e58c158c2207efb827f97338dc1;2021-07-22T07:01:41.205+0000
46;2e996bba0b72a0c9cf875be0de3ec294;e4a74d98fafcfd90432ba20ba8f0c439;2021-07-23T16:39:55.479+0000
47;2e996bba0b72a0c9cf875be0de3ec294;27863b4fc8e38e64739bdc850cbe337c;2021-07-23T16:43:03.705+0000
48;2e996bba0b72a0c9cf875be0de3ec294;9c9c0a2b6c66d3b59fc6f9d9513b059e;2021-07-23T17:10:47.664+0000
49;2e996bba0b72a0c9cf875be0de3ec294;213a1a4431a2297af4399ec1746c2955;2021-07-25T16:40:04.253+0000
50;6640a2057810a93511ae00bf4f66357e;daf01c5fe9e8454a3de9a811be85534e;2021-07-26T09:21:28.144+0000
51;935ec58fa3f00a9e30efdc28649ae209;85e094c618ea49dc55021985b3f56a06;2021-07-26T13:47:01.051+0000
52;21a9db22454ea0bca323a878c029b1c1;8da514467a13b5e809a2fa16f7c48f82;2021-07-27T13:33:07.247+0000
53;21a9db22454ea0bca323a878c029b1c1;6c772e34df58b2a01d71223b4ea9ef08;2021-07-29T10:00:55.434+0000
54;6640a2057810a93511ae00bf4f66357e;4820f66ec633a6c3876e43555d0fd783;2021-07-30T12:12:05.706+0000
55;6640a2057810a93511ae00bf4f66357e;4820f66ec633a6c3876e43555d0fd783;2021-07-30T12:12:41.948+0000
56;26b5a61b402c66acceb970ce06a13bb2;2c255938bb68387e3745efb3c2f88ff3;2021-08-02T06:07:46.408+0000
57;26b5a61b402c66acceb970ce06a13bb2;10105a93b7fb41180b2986c790e79a1b;2021-08-02T08:21:31.462+0000
58;10278a9c5032bc7df577045c98e16bda;417d5f66505b258c1a468dfe02c99162;2021-08-02T08:37:31.449+0000
59;6640a2057810a93511ae00bf4f66357e;162f6ebea598d17fcdc7cfd958ee403c;2021-08-03T11:15:49.734+0000
60;a6473e1fccb1f56b594f01ccddc52f8f;162f6ebea598d17fcdc7cfd958ee403c;2021-08-03T11:16:34.400+0000
61;26b5a61b402c66acceb970ce06a13bb2;2c255938bb68387e3745efb3c2f88ff3;2021-08-05T06:49:01.946+0000
62;4d5dd373fd800f163e8c94710d10ac0e;e9780ca1d3805e74ea28201420c28433;2021-08-05T16:06:43.419+0000
63;4d5dd373fd800f163e8c94710d10ac0e;11661d954c89a63e1b2a15ea2026251a;2021-08-05T16:41:43.993+0000
64;6640a2057810a93511ae00bf4f66357e;6da27c1b8049eb55bb3a7d96f8424617;2021-08-06T12:48:58.728+0000
65;8a34e8c29ff8823e84b5c7adacba5bd6;a958944170a00b869f4045034323965a;2021-08-06T13:41:15.250+0000
66;8a34e8c29ff8823e84b5c7adacba5bd6;36969e5ccae3ecd55869c2551164557e;2021-08-06T14:31:10.081+0000
67;21a9db22454ea0bca323a878c029b1c1;0781a72db4d09f3b3cff31dee3e1236a;2021-08-07T09:36:09.187+0000
68;8a34e8c29ff8823e84b5c7adacba5bd6;2772cd0edd9df58912685b6796ae8a01;2021-08-07T09:59:04.833+0000
69;8a34e8c29ff8823e84b5c7adacba5bd6;865c7d4f62e32f2f7680924c8297d7eb;2021-08-07T15:09:16.135+0000
70;dd5149f31faa61cfcb433e115093ee63;ee94a872eb2d940bde2779a866dae1a7;2021-08-09T11:13:27.858+0000
71;8a34e8c29ff8823e84b5c7adacba5bd6;daf01c5fe9e8454a3de9a811be85534e;2021-08-10T10:01:29.653+0000
72;21a9db22454ea0bca323a878c029b1c1;b571987cc6c11ebf7dc6706d542a2a07;2021-08-10T10:52:42.208+0000
73;10278a9c5032bc7df577045c98e16bda;18f9a482009ec013f9d7f6e3252550de;2021-08-11T07:45:19.411+0000
74;10278a9c5032bc7df577045c98e16bda;3361c38e1928c808b6ada3e88a6225e1;2021-08-11T08:04:00.823+0000
75;10278a9c5032bc7df577045c98e16bda;312f2bc268f4e25e617658654f1a1ec6;2021-08-11T08:12:00.563+0000
76;26b5a61b402c66acceb970ce06a13bb2;b0bfb65c6f4b5f96d26036331aa2f699;2021-08-11T08:14:11.164+0000
77;10278a9c5032bc7df577045c98e16bda;ac61354982556de6c461b70d647798ed;2021-08-11T08:21:00.704+0000
78;10278a9c5032bc7df577045c98e16bda;2e4feda2002f5834498f65a4fd8553df;2021-08-11T08:29:55.612+0000
79;10278a9c5032bc7df577045c98e16bda;981abaad986bb6a891c89deb7793f3f5;2021-08-11T08:55:49.765+0000
80;26b5a61b402c66acceb970ce06a13bb2;6c4a5aed985aad00803cc0a29f4fc6b3;2021-08-11T08:59:31.796+0000
81;8a34e8c29ff8823e84b5c7adacba5bd6;025cc1fa88fa50fcdf91106709dd9fb8;2021-08-11T10:48:00.525+0000
82;26b5a61b402c66acceb970ce06a13bb2;2c255938bb68387e3745efb3c2f88ff3;2021-08-11T13:06:28.169+0000
83;69710e71b549d7a8a3dc038cb2098f95;241e24aaa19a02f7856266cc7e8fba9d;2021-08-12T05:12:08.023+0000
84;10278a9c5032bc7df577045c98e16bda;89dfaa12eb28ef948166125f349e407d;2021-08-12T06:19:49.319+0000
85;8a34e8c29ff8823e84b5c7adacba5bd6;5f6663ac4ea22fc27ad61072fe48ad24;2021-08-12T10:10:15.919+0000
86;8a34e8c29ff8823e84b5c7adacba5bd6;f5ebd4719756d69fe2b233ee00ba0102;2021-08-12T10:45:49.843+0000
87;8a34e8c29ff8823e84b5c7adacba5bd6;1c3b7b2e01fd6bde6d3ffade5a25a7ed;2021-08-13T08:30:06.700+0000
88;8a34e8c29ff8823e84b5c7adacba5bd6;25e9efa14bdc13159f6f7b9dc7fbfeb9;2021-08-13T15:30:30.731+0000
89;6dafb42acd690759cd0b47f0a51f2573;f04edb9ee71fe88f83621b7c820513f3;2021-08-13T19:46:21.349+0000
90;10278a9c5032bc7df577045c98e16bda;b0ae1d28ad2339c6e4301ff1bc177a07;2021-08-16T07:24:08.344+0000
91;21a9db22454ea0bca323a878c029b1c1;019c44f32cef3b845661035136533b50;2021-08-16T14:35:19.366+0000
92;21a9db22454ea0bca323a878c029b1c1;dbb31b1dd57bdb2a359fd017e5bc2f67;2021-08-17T13:25:41.385+0000
93;21a9db22454ea0bca323a878c029b1c1;86212dec94e01e5586c324ffd3b848f9;2021-08-17T13:50:44.334+0000
94;6ca44b955a1a8db8f316bbed4379ce8f;3d3ee3ebdcb4d36f5fb090b07bb3c595;2021-08-18T12:30:49.372+0000
95;21a9db22454ea0bca323a878c029b1c1;f7d137b2513f6c7c3b7a62dca65f7da7;2021-08-18T13:03:58.116+0000
96;8a34e8c29ff8823e84b5c7adacba5bd6;6aee9ec553c39d1349ab3ed27d54e76a;2021-08-18T13:29:43.020+0000
97;10278a9c5032bc7df577045c98e16bda;fc5dc526891803c3fd02f7a28aff9568;2021-08-19T09:11:27.835+0000
98;10278a9c5032bc7df577045c98e16bda;cbecbba819758d58014aa38f102b5746;2021-08-19T09:25:15.995+0000
99;10278a9c5032bc7df577045c98e16bda;93b738fbfb2a57c179331f32e43f1fb8;2021-08-19T09:48:59.982+0000
100;10278a9c5032bc7df577045c98e16bda;b44f353fc29fd566d019ff4e1dcee36b;2021-08-19T09:52:59.220+0000
101;10278a9c5032bc7df577045c98e16bda;22ac1fc1161d35c867b57dd58306e165;2021-08-19T09:53:48.412+0000
102;10278a9c5032bc7df577045c98e16bda;229314f762aa43d6111f378da88b0bfc;2021-08-19T10:03:48.902+0000
103;10278a9c5032bc7df577045c98e16bda;241e24aaa19a02f7856266cc7e8fba9d;2021-08-19T10:03:55.647+0000
104;26b5a61b402c66acceb970ce06a13bb2;241e24aaa19a02f7856266cc7e8fba9d;2021-08-19T10:05:25.790+0000
105;26b5a61b402c66acceb970ce06a13bb2;241e24aaa19a02f7856266cc7e8fba9d;2021-08-19T10:06:51.763+0000
106;65b55aaba9f79e1549f8bbd3c37b9790;241e24aaa19a02f7856266cc7e8fba9d;2021-08-19T10:07:44.900+0000
107;10278a9c5032bc7df577045c98e16bda;6515f94ba34818f802873fc6cddd037e;2021-08-19T11:05:21.823+0000
108;10278a9c5032bc7df577045c98e16bda;c06e64107613211b0927d1d74f97a18b;2021-08-19T11:36:10.598+0000
109;8a34e8c29ff8823e84b5c7adacba5bd6;24decaae9f16c9ed59f2aacdd9fbf3b0;2021-08-19T12:18:32.876+0000
110;10278a9c5032bc7df577045c98e16bda;ca0e0af6e489716dae32a52111eb221b;2021-08-19T15:06:46.920+0000
111;10278a9c5032bc7df577045c98e16bda;dac1c507525bcc2f8724683bcf63f030;2021-08-19T15:48:06.262+0000
112;10278a9c5032bc7df577045c98e16bda;d3505fce16df42a7ec8ef69825a1cc6d;2021-08-19T16:56:01.346+0000
113;21a9db22454ea0bca323a878c029b1c1;ac5c5461bdd819fa09bef4ad85b98db7;2021-08-20T11:30:37.067+0000
114;10278a9c5032bc7df577045c98e16bda;32c89349e18a232c5e32483637f8c6e4;2021-08-20T12:33:31.605+0000
115;8a34e8c29ff8823e84b5c7adacba5bd6;929005ca9ae561980aecd3f6629ffd81;2021-08-20T13:02:33.578+0000
116;10278a9c5032bc7df577045c98e16bda;4ccf1a9b552d6598ab05ad7d112fbf4f;2021-08-20T16:20:19.613+0000
117;8a34e8c29ff8823e84b5c7adacba5bd6;459116d6e05ed2ce4be76876d0b8d821;2021-08-21T10:13:08.648+0000
118;10278a9c5032bc7df577045c98e16bda;f7d2bc54987886b27430780f6d1961e2;2021-08-22T09:26:48.805+0000
119;e01643f82c1aea9094668fb3844aba74;06a48f0bc053e3b0e48bde4fd476bd26;2021-08-22T11:24:33.280+0000
120;10278a9c5032bc7df577045c98e16bda;c06e64107613211b0927d1d74f97a18b;2021-08-23T06:38:53.515+0000
121;10278a9c5032bc7df577045c98e16bda;45715873d642dd4ae5ad1421b980b2f8;2021-08-23T12:54:07.070+0000
122;10278a9c5032bc7df577045c98e16bda;a1fbd5fede1a4aab74724943088d9892;2021-08-23T16:05:26.678+0000
123;26b5a61b402c66acceb970ce06a13bb2;2c255938bb68387e3745efb3c2f88ff3;2021-08-24T06:31:13.143+0000
124;8a34e8c29ff8823e84b5c7adacba5bd6;08b66c08fd8a239030f521795120ef22;2021-08-24T08:31:23.029+0000
125;8a34e8c29ff8823e84b5c7adacba5bd6;5146ea564ef0032ee7a9e12fddf5615f;2021-08-24T08:49:18.499+0000
126;10278a9c5032bc7df577045c98e16bda;92b75e405259f1da6cd191f492fdcc68;2021-08-24T09:11:55.816+0000
127;10278a9c5032bc7df577045c98e16bda;9709bd16aaf096388f0f2966107d966d;2021-08-24T12:38:54.542+0000
128;10278a9c5032bc7df577045c98e16bda;13733897081eb3c1f3514ba11ea3e6f5;2021-08-24T12:54:02.989+0000
129;10278a9c5032bc7df577045c98e16bda;bc3a53c8a9fe5cc54c17906bea136ce3;2021-08-24T15:35:54.480+0000
130;10278a9c5032bc7df577045c98e16bda;19ed239b7ae2edddb933013dc01abe7e;2021-08-24T18:09:13.915+0000
131;10278a9c5032bc7df577045c98e16bda;8357829d1b46cc8183439c2a820adc4e;2021-08-25T12:29:44.601+0000
132;10278a9c5032bc7df577045c98e16bda;f7c8aa8e28bb712a99ab0af21d352bc5;2021-08-25T19:00:58.738+0000
133;10278a9c5032bc7df577045c98e16bda;2c852e3c40df30870012e2014df9a706;2021-08-26T08:17:18.418+0000
134;10278a9c5032bc7df577045c98e16bda;0cc5bf9d3e3e6dbf0badab0955f970de;2021-08-26T13:51:26.833+0000
135;10278a9c5032bc7df577045c98e16bda;c93f1298bf3229f2f5c0212c1d4fe43c;2021-08-26T14:46:46.745+0000
136;10278a9c5032bc7df577045c98e16bda;8736ae6491a4b0aff2c62714a62cce2e;2021-08-26T14:59:56.552+0000
137;8118dfb78850cd5c36f08861fe82350c;0f6e61752fef9e66876f23c68425a865;2021-08-26T16:34:10.962+0000
138;10278a9c5032bc7df577045c98e16bda;516026e91ca438ddc5299fc7d5f930d8;2021-08-26T18:26:09.007+0000
139;10278a9c5032bc7df577045c98e16bda;a40465ee91fb3954fa17efb800f81131;2021-08-27T09:19:53.212+0000
140;69710e71b549d7a8a3dc038cb2098f95;7f85a0e9eaec6fa322af161b03981cb3;2021-08-27T10:44:19.823+0000
141;10278a9c5032bc7df577045c98e16bda;dcf65ae7926ff79f19a272d0bc4f1efe;2021-08-27T11:26:25.455+0000
142;6640a2057810a93511ae00bf4f66357e;c31d756e5ca8e94b41ff4ebd619b68d9;2021-08-27T12:29:04.810+0000
143;21a9db22454ea0bca323a878c029b1c1;6c772e34df58b2a01d71223b4ea9ef08;2021-08-27T15:02:16.829+0000
144;10278a9c5032bc7df577045c98e16bda;4de6c90da9a2a3638afcc236460093fc;2021-08-27T17:04:29.427+0000
145;10278a9c5032bc7df577045c98e16bda;61da0b71d471d5c7b0b1e6b3af64a693;2021-08-27T20:03:17.371+0000
146;10278a9c5032bc7df577045c98e16bda;7585b02c6a6826056d24eb96fd2bc984;2021-08-28T09:57:48.716+0000
147;10278a9c5032bc7df577045c98e16bda;0fee4258a18a2326b7d9e1e8f546ddeb;2021-08-28T11:03:11.439+0000
148;10278a9c5032bc7df577045c98e16bda;cfe0b8d6daae7446eeba0695e766eefb;2021-08-28T12:39:22.780+0000
149;dd5149f31faa61cfcb433e115093ee63;2b7b958b4073a46142ef18ba35f243cc;2021-08-28T17:34:27.921+0000
150;10278a9c5032bc7df577045c98e16bda;0c40aa8ef714f092948182c8b1ae4f7d;2021-08-29T14:15:35.068+0000
151;10278a9c5032bc7df577045c98e16bda;5ffe340032dbccf7fa3262f133061dac;2021-08-29T16:01:09.377+0000
152;10278a9c5032bc7df577045c98e16bda;8d61bf0fac9f788741b7680abe89241a;2021-08-30T08:35:56.368+0000
153;10278a9c5032bc7df577045c98e16bda;1d28846baf8f595dc0496d27ef08ca34;2021-08-30T09:39:02.083+0000
154;10278a9c5032bc7df577045c98e16bda;1d28846baf8f595dc0496d27ef08ca34;2021-08-30T09:45:59.555+0000
155;10278a9c5032bc7df577045c98e16bda;9e126369201a3aedfa815845024d8810;2021-08-30T14:20:54.135+0000
156;10278a9c5032bc7df577045c98e16bda;a1fbd5fede1a4aab74724943088d9892;2021-08-30T16:26:49.810+0000
157;10278a9c5032bc7df577045c98e16bda;a1fbd5fede1a4aab74724943088d9892;2021-08-30T16:36:29.501+0000
158;10278a9c5032bc7df577045c98e16bda;1a9ecdd9d3e031e4ccd0d13ce8248ebc;2021-08-31T07:45:21.194+0000
159;8118dfb78850cd5c36f08861fe82350c;e4b79e1d1765528061e2aa6a398c9141;2021-08-31T07:45:58.746+0000
160;26b5a61b402c66acceb970ce06a13bb2;b39da5e1719376d89968fcbbfc35bdab;2021-08-31T09:42:39.746+0000
161;10278a9c5032bc7df577045c98e16bda;9afbfead17e5a14efe01cabec847b5da;2021-08-31T13:18:14.591+0000
162;10278a9c5032bc7df577045c98e16bda;766910ad27610084db2c389253ef2dde;2021-08-31T15:15:14.985+0000
163;6640a2057810a93511ae00bf4f66357e;d8fe6b7039832f43677a983e2ff6832b;2021-08-31T15:48:13.008+0000
164;8a34e8c29ff8823e84b5c7adacba5bd6;dd26dcd952f9f3b03d11f6deb29bc509;2021-08-31T15:56:03.626+0000
165;8a34e8c29ff8823e84b5c7adacba5bd6;d3d51c935fc209a2159fbe9b27a3388e;2021-08-31T15:56:27.694+0000
166;8a34e8c29ff8823e84b5c7adacba5bd6;2db603d725a02b4f16bf4c2325b2ff19;2021-08-31T15:56:38.875+0000
167;8a34e8c29ff8823e84b5c7adacba5bd6;7114c54407dffb3297a1d6e4af18ca47;2021-08-31T15:56:49.721+0000
168;8a34e8c29ff8823e84b5c7adacba5bd6;fc77d7d376ba134bb6f09a57a9f7ab48;2021-08-31T15:57:08.890+0000
169;8a34e8c29ff8823e84b5c7adacba5bd6;1c90c1b3358459287117bcc155836e1d;2021-08-31T15:57:18.736+0000
170;8a34e8c29ff8823e84b5c7adacba5bd6;9fd23abd4a4cef3f26ed2d3c88d016d7;2021-08-31T15:57:31.455+0000
171;8a34e8c29ff8823e84b5c7adacba5bd6;a1918e8855058e2950a6168b0114d958;2021-08-31T15:57:41.789+0000
172;8a34e8c29ff8823e84b5c7adacba5bd6;12afd3c43679da26200e9da69c72a596;2021-08-31T15:57:51.743+0000
173;8a34e8c29ff8823e84b5c7adacba5bd6;1195202ca94d3cd652beef86bf95b0c5;2021-08-31T15:58:00.119+0000
174;8a34e8c29ff8823e84b5c7adacba5bd6;26447035ef4e267b5be0aedd827c3682;2021-08-31T15:58:07.161+0000
175;10278a9c5032bc7df577045c98e16bda;382101ac067eba6e1582f8ba96ed2db9;2021-08-31T16:06:59.791+0000
176;10278a9c5032bc7df577045c98e16bda;696a61e3efa568385d84d5a0b240dd58;2021-08-31T20:15:13.042+0000
177;6ca44b955a1a8db8f316bbed4379ce8f;192ecd55c78f298784493333497b9fa2;2021-09-01T07:47:53.755+0000
178;10278a9c5032bc7df577045c98e16bda;9d5617179134ed3792d14411c624fdca;2021-09-01T09:02:10.715+0000
179;6640a2057810a93511ae00bf4f66357e;ad6fd745e2abab5bb475b5447314c56e;2021-09-01T13:52:18.027+0000
180;10278a9c5032bc7df577045c98e16bda;2757cc95060651597f25fd5681e01f1a;2021-09-01T14:11:44.250+0000
181;f1d9945ab1d2359649f9d60da90c88c4;ee94a872eb2d940bde2779a866dae1a7;2021-09-01T15:27:07.275+0000
182;87b9cb007ffbe6359bc188419b329234;ee94a872eb2d940bde2779a866dae1a7;2021-09-01T15:33:57.873+0000
183;9d00d7d15225d391b6f0dd16afcf8387;f3220046ae302438294f9d2030bd9c27;2021-09-02T07:55:19.593+0000
184;10278a9c5032bc7df577045c98e16bda;5d86878e1bb4812435b45cf65ed18677;2021-09-02T12:08:40.554+0000
185;f1d9945ab1d2359649f9d60da90c88c4;5324e13f0151854f33c2c713a4dad382;2021-09-02T16:01:24.752+0000
186;26b5a61b402c66acceb970ce06a13bb2;c74e8388884b077c065d3481eaaf7fac;2021-09-02T16:18:48.009+0000
187;f1d9945ab1d2359649f9d60da90c88c4;7f77e2bcaccc3718ceb3340cfbf9d5ed;2021-09-02T16:47:44.898+0000
188;f1d9945ab1d2359649f9d60da90c88c4;8ad0f9a8b40e9979cfd4f54ddcfa0508;2021-09-03T10:21:41.539+0000
189;10278a9c5032bc7df577045c98e16bda;a39d450c7dca88b39a3122adb288075a;2021-09-03T14:21:17.417+0000
190;f1d9945ab1d2359649f9d60da90c88c4;a958944170a00b869f4045034323965a;2021-09-03T14:33:37.718+0000
191;10278a9c5032bc7df577045c98e16bda;d6858a6eb12142378679fd4f9443ee08;2021-09-03T19:04:12.358+0000
192;10278a9c5032bc7df577045c98e16bda;d6858a6eb12142378679fd4f9443ee08;2021-09-03T19:12:53.661+0000
193;10278a9c5032bc7df577045c98e16bda;d6858a6eb12142378679fd4f9443ee08;2021-09-04T09:19:27.175+0000
194;87b9cb007ffbe6359bc188419b329234;4362b86601568399b70b5fd836b25af3;2021-09-04T10:18:45.924+0000
195;26b5a61b402c66acceb970ce06a13bb2;07b6b5abbec544b3fb6ef909a59e7601;2021-09-05T09:01:02.280+0000
196;f1d9945ab1d2359649f9d60da90c88c4;be62628d910dfc2292ae1c08bf520049;2021-09-05T18:15:41.158+0000
197;f1d9945ab1d2359649f9d60da90c88c4;c9ca911c9ed92c7d4da78204297790c5;2021-09-06T09:43:04.067+0000
198;10278a9c5032bc7df577045c98e16bda;d6858a6eb12142378679fd4f9443ee08;2021-09-06T10:27:37.386+0000
199;10278a9c5032bc7df577045c98e16bda;3b085fed2b26ba686ec12230002a4c6a;2021-09-06T13:02:56.549+0000
200;10278a9c5032bc7df577045c98e16bda;261c5d5d1a7426e448040f008ce80ff9;2021-09-06T14:04:12.128+0000
201;10278a9c5032bc7df577045c98e16bda;9268f631b3663140e2246f5207772b64;2021-09-07T14:18:27.404+0000
202;6640a2057810a93511ae00bf4f66357e;3066e9bf59e5dc70a21e98d774d756e6;2021-09-08T06:33:02.086+0000
203;6640a2057810a93511ae00bf4f66357e;4820f66ec633a6c3876e43555d0fd783;2021-09-08T09:24:21.127+0000
204;6640a2057810a93511ae00bf4f66357e;4820f66ec633a6c3876e43555d0fd783;2021-09-08T09:24:40.031+0000
205;8118dfb78850cd5c36f08861fe82350c;9aa547e767ed307fae8f9d0fc559b05c;2021-09-08T14:19:38.703+0000
206;26b5a61b402c66acceb970ce06a13bb2;7e83d060001a46aec43d5417a878d962;2021-09-08T16:45:30.251+0000
207;10278a9c5032bc7df577045c98e16bda;8e769f6e2abedea726cab3cc275de65a;2021-09-08T18:03:12.917+0000
208;26b5a61b402c66acceb970ce06a13bb2;3d9690f1e514ba15162996963c97f5bb;2021-09-08T18:54:59.776+0000
209;6640a2057810a93511ae00bf4f66357e;c818153c83dd2df45ad263408b9e536f;2021-09-09T09:00:54.529+0000
210;10278a9c5032bc7df577045c98e16bda;76c9a2dd71259ca79dc6dbab044daf63;2021-09-09T14:16:50.742+0000
211;4d5dd373fd800f163e8c94710d10ac0e;47cb182e6d9ea69f3cb8d93d1199c6b3;2021-09-09T16:50:25.630+0000
212;4d5dd373fd800f163e8c94710d10ac0e;213a1a4431a2297af4399ec1746c2955;2021-09-09T17:38:41.481+0000
213;935ec58fa3f00a9e30efdc28649ae209;192ecd55c78f298784493333497b9fa2;2021-09-10T07:33:13.173+0000
214;6640a2057810a93511ae00bf4f66357e;ac88390c539bb465ba677ca43a7b8711;2021-09-10T10:08:10.028+0000
215;10278a9c5032bc7df577045c98e16bda;9705a04602d581c26043e0bbe31426e2;2021-09-10T12:37:54.104+0000
216;10278a9c5032bc7df577045c98e16bda;3167890e742f2ac67bc918d76fcc1d5a;2021-09-11T13:20:57.396+0000
217;10278a9c5032bc7df577045c98e16bda;da5e9a192cc3803c5281012f48a6a11c;2021-09-12T09:03:18.335+0000
218;10278a9c5032bc7df577045c98e16bda;5fb0c3992f1b815ae659f8c7d679c70f;2021-09-12T11:08:03.340+0000
219;10278a9c5032bc7df577045c98e16bda;58cd699a934cc47f5532693c00e16058;2021-09-13T07:41:58.135+0000
220;10278a9c5032bc7df577045c98e16bda;dae1fc8bbd46cbc387c796ae45004e0e;2021-09-13T18:20:40.211+0000
221;26b5a61b402c66acceb970ce06a13bb2;2bd259537e28e181bbd61085c158058b;2021-09-14T14:27:52.153+0000
222;26b5a61b402c66acceb970ce06a13bb2;f8eada2032c57e475ae98d848d7346d6;2021-09-14T16:25:31.636+0000
223;10278a9c5032bc7df577045c98e16bda;3d8ad981793435d7cbe528964461637f;2021-09-14T20:46:55.448+0000
224;10278a9c5032bc7df577045c98e16bda;501cc939bc6a094fed4c0052cc5fdaa5;2021-09-15T15:24:19.906+0000
225;f1d9945ab1d2359649f9d60da90c88c4;241e57f57b40eed9ed68c51dab405249;2021-09-16T06:13:16.563+0000
226;10278a9c5032bc7df577045c98e16bda;2954dc9d4c10e7461f8761456577e205;2021-09-16T15:57:33.765+0000
227;10278a9c5032bc7df577045c98e16bda;a038bc7a7c5bf41fe173c8ac40dd8708;2021-09-17T07:39:53.772+0000
228;10278a9c5032bc7df577045c98e16bda;613efc435233dfd375668decbbe33ce1;2021-09-17T14:34:45.815+0000
229;f1d9945ab1d2359649f9d60da90c88c4;7bf46b5af6800a99ed50bb72f466938b;2021-09-19T12:14:28.830+0000
230;10278a9c5032bc7df577045c98e16bda;feee18d79c6997d68f83af535787b1ad;2021-09-19T12:22:34.648+0000
231;f1d9945ab1d2359649f9d60da90c88c4;5eaff76a88545270b61aa36aafa3a4c5;2021-09-19T14:00:40.472+0000
232;935ec58fa3f00a9e30efdc28649ae209;7f23f6bf5806fabeec7cefad2ef13d7c;2021-09-19T21:09:46.167+0000
233;f1d9945ab1d2359649f9d60da90c88c4;e3fd4a7d1e8864635b113df4381b5ec8;2021-09-20T07:30:41.865+0000
234;26b5a61b402c66acceb970ce06a13bb2;346e32ac14bba44a2f127d64b9017fee;2021-09-22T07:05:06.257+0000
235;b177fe002523f493222f473f001a4f63;23c4e38abcb1895d08fe42403e021021;2021-09-22T07:05:40.264+0000
236;10278a9c5032bc7df577045c98e16bda;395a6778533fbd30fa1a0c54582376fd;2021-09-22T13:21:59.775+0000
237;8118dfb78850cd5c36f08861fe82350c;d3407045305d4a4466e480e4b61420c9;2021-09-22T16:16:54.208+0000
238;26b5a61b402c66acceb970ce06a13bb2;b90c75799f8cca9132afec40a3971a1d;2021-09-23T07:17:19.170+0000
239;10278a9c5032bc7df577045c98e16bda;9a1c859564dc9ff056134b32dcee9888;2021-09-24T09:53:21.296+0000
240;26b5a61b402c66acceb970ce06a13bb2;25b1e265bde463a12bc56417d28ddff4;2021-09-24T14:07:07.511+0000
241;26b5a61b402c66acceb970ce06a13bb2;a58f009265d7dbb111abeb6ec489cbf5;2021-09-26T15:55:47.086+0000
242;8bdd55a809234f001508431b1900153a;24b8675362b1788c4ea5a02272479535;2021-09-27T08:09:38.119+0000
243;26b5a61b402c66acceb970ce06a13bb2;c8a24fde167c7ef8a0f025fe2be98391;2021-09-27T12:22:46.065+0000
244;10278a9c5032bc7df577045c98e16bda;eb79327d3316c7373b362e5397a6bf0c;2021-09-27T14:41:28.384+0000
245;10278a9c5032bc7df577045c98e16bda;7c72bcf0eddae4856675ac61b0374ceb;2021-09-29T15:46:14.040+0000
246;26b5a61b402c66acceb970ce06a13bb2;be5166bc09599816b6a563e6523d1e41;2021-09-30T18:04:31.392+0000
247;10278a9c5032bc7df577045c98e16bda;9f01a557cb0366e093168d21165184f0;2021-10-02T16:36:20.202+0000
248;10278a9c5032bc7df577045c98e16bda;fc6dc3177e487825654cf8865872bd9f;2021-10-03T15:13:47.615+0000
249;b177fe002523f493222f473f001a4f63;3c84956f86dfa83a02c0762c5c23a679;2021-10-03T16:24:24.298+0000
250;10278a9c5032bc7df577045c98e16bda;aec4417bb5c3f2bcc35a32ba840d574f;2021-10-04T09:11:04.086+0000
251;65b55aaba9f79e1549f8bbd3c37b9790;915e7ae3d6b1b56f425dd6f88d4a182d;2021-10-04T10:18:32.048+0000
252;10278a9c5032bc7df577045c98e16bda;dedef75cc5a09fa8db2b56d8dad9eb96;2021-10-04T15:32:14.984+0000
253;10278a9c5032bc7df577045c98e16bda;274f1887ab235accfd6ee84216e5c94b;2021-10-04T18:12:23.209+0000
254;ff6faf59b63c47a6beed02531e78dd97;47de387eeb736ec4846f7023870b6b5d;2021-10-05T08:10:04.592+0000
255;f1d9945ab1d2359649f9d60da90c88c4;87edf79b1fcc2bc2fbb3615a8888a92b;2021-10-05T12:47:09.532+0000
256;f1d9945ab1d2359649f9d60da90c88c4;43b471205be14958907f867ee1852d07;2021-10-05T17:47:04.354+0000
257;f1d9945ab1d2359649f9d60da90c88c4;4f00d0e520e190259381f8b4f90b1a3b;2021-10-05T18:39:50.743+0000
258;10278a9c5032bc7df577045c98e16bda;bdf5f5c9cdfcb06d3f8247f20c49085a;2021-10-05T19:31:51.302+0000
259;26b5a61b402c66acceb970ce06a13bb2;7126074b6dce5332a6a8e33361c74587;2021-10-06T09:31:25.615+0000
260;10278a9c5032bc7df577045c98e16bda;05f6d48a837bc2df88896248f8901093;2021-10-06T11:00:17.065+0000
261;10278a9c5032bc7df577045c98e16bda;e51f2d5704a3ddb5aa12946e927ad965;2021-10-07T10:01:09.908+0000
262;26b5a61b402c66acceb970ce06a13bb2;b21538f2aeec581e254cc8dd03fc6b5c;2021-10-07T14:02:31.116+0000
263;3dccfaeb26f610e78aac94ad9ae30d97;ad8b4bff6648366b3555680611718717;2021-10-07T14:37:38.614+0000
264;26b5a61b402c66acceb970ce06a13bb2;5399618d9ccaec0ef03c931988ed2ee8;2021-10-07T15:34:36.726+0000
265;3dccfaeb26f610e78aac94ad9ae30d97;9f4dd8d2b6e549c5ab390940a87f3172;2021-10-07T20:23:56.945+0000
266;6640a2057810a93511ae00bf4f66357e;8b76c01622d1fc5b74f4d8c858eba96d;2021-10-08T08:46:48.189+0000
267;10278a9c5032bc7df577045c98e16bda;816534fb2112b140c8aaaf6ebef6ca6c;2021-10-09T08:24:30.580+0000
268;26b5a61b402c66acceb970ce06a13bb2;48f040649cfe0c6e1f39cd546e98112b;2021-10-09T09:21:24.937+0000
269;9d00d7d15225d391b6f0dd16afcf8387;f3d7de133d6017870661e8a7b5afc950;2021-10-09T10:20:27.683+0000
270;10278a9c5032bc7df577045c98e16bda;77101fc599f9dd21b76b4f052f210b42;2021-10-09T16:00:15.435+0000
271;f1d9945ab1d2359649f9d60da90c88c4;140976086bc8fa17cd4c0125b0fa3f12;2021-10-11T17:57:42.698+0000
272;6640a2057810a93511ae00bf4f66357e;6e1e219ba2eaf995c1752fb529dfb3ea;2021-10-12T11:50:56.098+0000
273;dd5149f31faa61cfcb433e115093ee63;fc6dc3177e487825654cf8865872bd9f;2021-10-12T13:34:21.344+0000
274;dd5149f31faa61cfcb433e115093ee63;fc6dc3177e487825654cf8865872bd9f;2021-10-12T15:15:23.387+0000
275;10278a9c5032bc7df577045c98e16bda;93a17e9f30c8f891ee17a2fd407ea215;2021-10-13T08:48:42.790+0000
276;26b5a61b402c66acceb970ce06a13bb2;79b0485b3392c97bac89cb78bc40726c;2021-10-13T11:33:21.019+0000
277;26b5a61b402c66acceb970ce06a13bb2;81149de70946bdf35543dea3062efea1;2021-10-13T21:26:05.016+0000
278;10278a9c5032bc7df577045c98e16bda;6b3ff682a6bfb7246785b0f2b3f6ba86;2021-10-14T06:43:28.423+0000
279;f1d9945ab1d2359649f9d60da90c88c4;f0423136b417dbcdcd1264ec804bfef4;2021-10-14T10:28:04.927+0000
280;10278a9c5032bc7df577045c98e16bda;4dd0ee29c54cceed40db307a938cecc8;2021-10-14T11:49:31.338+0000
281;f1d9945ab1d2359649f9d60da90c88c4;3c16e222e856dbeb95c68d6e09d8ffce;2021-10-14T14:40:19.190+0000
282;f1d9945ab1d2359649f9d60da90c88c4;5831b6eac8ba64f48da5760f8efe2f3a;2021-10-14T20:42:25.196+0000
283;dd5149f31faa61cfcb433e115093ee63;795fb9bd5ac701d0160e8c19987c0d5c;2021-10-15T06:30:16.403+0000
284;dd5149f31faa61cfcb433e115093ee63;d90ce6696f886c8d1e6a26ae7e2a5494;2021-10-15T07:06:11.450+0000
285;26b5a61b402c66acceb970ce06a13bb2;cba107e638a756f7ef31df08244ef6c2;2021-10-15T07:24:33.629+0000
286;10278a9c5032bc7df577045c98e16bda;88c51a54b3f8dcab69f0df3eade627f7;2021-10-15T16:34:48.965+0000
287;dd5149f31faa61cfcb433e115093ee63;911d8f66c879b25a7426e26ed311d118;2021-10-16T09:53:07.849+0000
288;19c4da635a2c7a3e2a0cc577b3a35fda;0a2e22b246f6cc563cff7e3527b56273;2021-10-16T10:16:49.884+0000
289;10278a9c5032bc7df577045c98e16bda;9c40cc1e45f513210b0e61df0eb236ee;2021-10-16T14:52:49.156+0000
290;ff6faf59b63c47a6beed02531e78dd97;2ca2f185e8ac355f4520abe4e74b9e61;2021-10-16T16:22:52.611+0000
291;10278a9c5032bc7df577045c98e16bda;f9d72b20584bcac374f93f835f5065d6;2021-10-17T10:26:02.916+0000
292;f1d9945ab1d2359649f9d60da90c88c4;47e56483de786b8b70c55f0bdee04357;2021-10-17T12:11:38.023+0000
293;dd5149f31faa61cfcb433e115093ee63;35e5f073ee76668075aa1cb6597c6fd7;2021-10-17T15:55:23.266+0000
294;6640a2057810a93511ae00bf4f66357e;0a75e94815217651d5576bf5b78f2eeb;2021-10-18T11:13:19.121+0000
295;3dccfaeb26f610e78aac94ad9ae30d97;55eaa6a2da734c09789da094b8ab1b55;2021-10-18T15:09:12.813+0000
296;10278a9c5032bc7df577045c98e16bda;e2e05b905bcb07541ebcf9a8a8378afb;2021-10-18T15:48:12.753+0000
297;3dccfaeb26f610e78aac94ad9ae30d97;718d6f8fdfce773627c6b2e86763cf88;2021-10-18T17:41:51.340+0000
298;10278a9c5032bc7df577045c98e16bda;dd3390c64e244a8d0c176bead198d5c6;2021-10-19T08:39:50.623+0000
299;19c4da635a2c7a3e2a0cc577b3a35fda;137b5a577ad7d9fd6927c249379d3c11;2021-10-19T09:28:41.000+0000
300;8118dfb78850cd5c36f08861fe82350c;86ec997eb7b80f26dcbd2e06e2fdf2b3;2021-10-19T12:00:35.748+0000
301;f1d9945ab1d2359649f9d60da90c88c4;85e094c618ea49dc55021985b3f56a06;2021-10-19T17:10:51.615+0000
302;8118dfb78850cd5c36f08861fe82350c;16e1d8a9cc7ba7fe4f588072cf9977b4;2021-10-19T20:55:41.763+0000
303;10278a9c5032bc7df577045c98e16bda;12e6db7a85542038f0d9e2be7be5e1cd;2021-10-21T19:25:26.764+0000
304;f1d9945ab1d2359649f9d60da90c88c4;311b858de95529a426b9106eabe4dfa1;2021-10-22T08:15:26.055+0000
305;6640a2057810a93511ae00bf4f66357e;c0eb7817a559ee279eeef2e4985d5dbc;2021-10-22T12:31:51.964+0000
306;f1d9945ab1d2359649f9d60da90c88c4;0e7fafcc8c1d6b22ba94b7bd45fecfbe;2021-10-22T15:21:02.984+0000
307;1a732625ccef799601fb0b39e465ee1b;8794222232eb3bb337e00a8ca6811410;2021-10-22T17:54:37.030+0000
308;10278a9c5032bc7df577045c98e16bda;8794222232eb3bb337e00a8ca6811410;2021-10-22T17:58:02.324+0000
309;19c4da635a2c7a3e2a0cc577b3a35fda;ef31788e8b95c5e49b8c424d143b8000;2021-10-23T11:12:29.621+0000
310;19c4da635a2c7a3e2a0cc577b3a35fda;ecb0ee24568c392a8ed3623319f2ea97;2021-10-23T11:12:37.900+0000
311;19c4da635a2c7a3e2a0cc577b3a35fda;13106a1163e4d417d92a6a869cb223f1;2021-10-23T11:12:49.187+0000
312;10278a9c5032bc7df577045c98e16bda;c20b5cd46b2933e95e7e612741b4d5aa;2021-10-24T08:36:43.443+0000
313;f1d9945ab1d2359649f9d60da90c88c4;6d471750e5ead84cd5fa02820403dc0b;2021-10-25T09:31:23.141+0000
314;f1d9945ab1d2359649f9d60da90c88c4;70c0fa9b7e2dfb8935909fa22e852547;2021-10-25T12:08:21.159+0000
315;f1d9945ab1d2359649f9d60da90c88c4;11070fb4f7e610c81bd3cebb819dcaa6;2021-10-25T12:08:45.729+0000
316;f1d9945ab1d2359649f9d60da90c88c4;cb82a192e66062305310fa7382e3a08f;2021-10-25T17:26:16.848+0000
317;10278a9c5032bc7df577045c98e16bda;3728deae5ad1de29ce5b28b2f19a1ccc;2021-10-27T14:55:38.264+0000
318;26b5a61b402c66acceb970ce06a13bb2;24796226b49c0fa1a37a5e4a10aa8a72;2021-10-28T08:32:05.811+0000
319;26b5a61b402c66acceb970ce06a13bb2;3d2c3092346b55ee27bb685f7d335cba;2021-10-28T08:37:33.584+0000
320;10278a9c5032bc7df577045c98e16bda;91be4aafe54b10d9bf9b2c023c397101;2021-10-28T10:26:49.070+0000
321;10278a9c5032bc7df577045c98e16bda;63e0dcae0e5761c4ccd75ca983c17435;2021-10-28T10:42:24.059+0000
322;26b5a61b402c66acceb970ce06a13bb2;3d2c3092346b55ee27bb685f7d335cba;2021-10-29T05:33:20.757+0000
323;f1d9945ab1d2359649f9d60da90c88c4;121d18881497149301e9d675cbd31734;2021-10-29T10:36:56.453+0000
324;dd5149f31faa61cfcb433e115093ee63;3b6a7821fd264cdbae02773b8cd5f7be;2021-10-29T12:38:35.345+0000
325;dd5149f31faa61cfcb433e115093ee63;1a4add52c556dc4437afa873dc77bdd4;2021-10-29T14:07:26.705+0000
326;26b5a61b402c66acceb970ce06a13bb2;e5531bfd25019a6da5adcda227276140;2021-10-29T16:05:28.320+0000
327;10278a9c5032bc7df577045c98e16bda;e5531bfd25019a6da5adcda227276140;2021-10-29T16:13:19.383+0000
328;dd5149f31faa61cfcb433e115093ee63;560303717a2b2cc75bc1f927f04c4f43;2021-10-29T18:25:46.577+0000
329;dd5149f31faa61cfcb433e115093ee63;56bad39e27b188745cf6d3701249d2f8;2021-10-30T06:30:37.134+0000
330;dd5149f31faa61cfcb433e115093ee63;0876365e3208d0ebfaeda585cca74b76;2021-10-30T09:59:34.017+0000
331;dd5149f31faa61cfcb433e115093ee63;22658b87462fbebefa0bffeba636841c;2021-10-30T11:55:49.655+0000
332;f1d9945ab1d2359649f9d60da90c88c4;a5f8db4951b845f245c5ec2e28df9922;2021-10-30T17:44:35.048+0000
333;f1d9945ab1d2359649f9d60da90c88c4;16cc938902dfdaeeba960aa2d08fcdc2;2021-11-01T11:05:28.199+0000
334;f1d9945ab1d2359649f9d60da90c88c4;b5b8a2634af24ae6c8b66d0b82cce835;2021-11-01T18:33:04.742+0000
335;f1d9945ab1d2359649f9d60da90c88c4;76c97cc759e89651d63f0cacf194a243;2021-11-02T10:47:28.841+0000
336;dd5149f31faa61cfcb433e115093ee63;3646fb3a736605adfe30455b523f2d2e;2021-11-02T14:06:06.544+0000
337;f1d9945ab1d2359649f9d60da90c88c4;a08b4c44e392df51d3dec4c2b12865c3;2021-11-02T14:24:26.801+0000
338;dd5149f31faa61cfcb433e115093ee63;7baeb70e78f59c7a5ff177e652a437ef;2021-11-02T14:56:53.949+0000
339;10278a9c5032bc7df577045c98e16bda;2676ee6fb5462f593ecc61f9a5c02b1f;2021-11-03T09:54:52.250+0000
340;f1d9945ab1d2359649f9d60da90c88c4;1a6117a02c32e768a6ec87a139a5f8ba;2021-11-03T09:57:28.123+0000
341;dd5149f31faa61cfcb433e115093ee63;7967503f8df15044fa2da6af93f94c89;2021-11-03T20:03:50.891+0000
342;f1d9945ab1d2359649f9d60da90c88c4;e4958bab49bb7cfd649854076944c7c3;2021-11-04T08:15:22.290+0000
343;26b5a61b402c66acceb970ce06a13bb2;f9acfddccf1f20d85fc9887868ca7a28;2021-11-04T11:19:18.733+0000
344;26b5a61b402c66acceb970ce06a13bb2;221be23182315802c6f7cbb126231be5;2021-11-04T15:08:17.326+0000
345;10278a9c5032bc7df577045c98e16bda;69db115475689554bb2d38808933de2e;2021-11-04T15:12:55.993+0000
346;26b5a61b402c66acceb970ce06a13bb2;8e043ae0e8570eca22bb29efc1894a56;2021-11-05T09:56:36.229+0000
347;26b5a61b402c66acceb970ce06a13bb2;6cd1bbdf2dfe8453839e14f6ea189144;2021-11-05T14:37:42.112+0000
348;f1d9945ab1d2359649f9d60da90c88c4;8df082fadbb1885c34327a345a5e1cbf;2021-11-05T20:44:42.807+0000
349;26b5a61b402c66acceb970ce06a13bb2;9180d4d672b8e07dd9ec3d304d13373a;2021-11-07T10:01:14.344+0000
350;f1d9945ab1d2359649f9d60da90c88c4;0876365e3208d0ebfaeda585cca74b76;2021-11-07T18:51:37.455+0000
351;10278a9c5032bc7df577045c98e16bda;a97dcc63b6459252db6f61a598c0482d;2021-11-08T11:02:56.788+0000
352;6640a2057810a93511ae00bf4f66357e;a187a0754c59e80823648b54b678a00e;2021-11-09T10:35:46.310+0000
353;10278a9c5032bc7df577045c98e16bda;e365e952a6a8a231db21b33a2a7ca54e;2021-11-10T07:20:05.701+0000
354;26b5a61b402c66acceb970ce06a13bb2;8492f354b7073d6d091fb718e96f68ab;2021-11-10T09:38:14.068+0000
355;26b5a61b402c66acceb970ce06a13bb2;a4dba344d402eb831407b37d4dc105ec;2021-11-10T10:04:00.367+0000
356;f1d9945ab1d2359649f9d60da90c88c4;cf2e9ed760c4f904ceae4910f304e6b0;2021-11-10T12:10:18.111+0000
357;b177fe002523f493222f473f001a4f63;480ee3b56ad09e6eff930d77040e2cc9;2021-11-10T13:20:12.588+0000
358;10278a9c5032bc7df577045c98e16bda;4d1c0ff5abb3e9a88c0d5e3f9d5b3bee;2021-11-10T14:01:37.057+0000
359;f1d9945ab1d2359649f9d60da90c88c4;f5eb37ec2c9a9b31c7658febf5f0ffc3;2021-11-10T20:11:37.567+0000
360;26b5a61b402c66acceb970ce06a13bb2;43cabf6ee679f37277d51172b441c64c;2021-11-12T16:27:08.626+0000
361;6640a2057810a93511ae00bf4f66357e;0ca7828971635bd96beffbc38faf8681;2021-11-15T08:23:05.333+0000
362;6640a2057810a93511ae00bf4f66357e;0ca7828971635bd96beffbc38faf8681;2021-11-15T08:24:47.145+0000
363;6640a2057810a93511ae00bf4f66357e;0ca7828971635bd96beffbc38faf8681;2021-11-15T08:25:29.983+0000
364;f1d9945ab1d2359649f9d60da90c88c4;682c13e040d6e2da2bfe20e93fbe5a61;2021-11-15T08:57:02.251+0000
365;6640a2057810a93511ae00bf4f66357e;2bdbf217951be2076535fd2804239503;2021-11-15T13:26:01.352+0000
366;26b5a61b402c66acceb970ce06a13bb2;4424f172983ce91a49c0372288544f7b;2021-11-16T08:19:38.052+0000
367;65b55aaba9f79e1549f8bbd3c37b9790;b8846351c3f9b75ab1a1a034f6c8b710;2021-11-16T09:44:48.706+0000
368;26b5a61b402c66acceb970ce06a13bb2;7f301464b41ed721603c4034cf0b18bc;2021-11-18T13:03:58.563+0000
369;26b5a61b402c66acceb970ce06a13bb2;ccd7d1f6d8a29a8aca1c86d2ba5469a5;2021-11-18T13:28:24.124+0000
370;69710e71b549d7a8a3dc038cb2098f95;fe957629e1dfc225529a45e73d3b00fe;2021-11-19T10:43:02.981+0000
371;10278a9c5032bc7df577045c98e16bda;672cbd1263092d87365934339c734cc8;2021-11-19T13:02:10.050+0000
372;26b5a61b402c66acceb970ce06a13bb2;00df9abdbda119b14156f75ca45c5f96;2021-11-19T18:11:15.018+0000
373;26b5a61b402c66acceb970ce06a13bb2;b21538f2aeec581e254cc8dd03fc6b5c;2021-11-19T19:06:26.899+0000
374;8587ea17616137875dd5fba439b9e577;dddd00f9bd830e1c48964731dc539135;2021-11-20T14:10:24.141+0000
375;6640a2057810a93511ae00bf4f66357e;eb3da74d46941351f1670f5a8dfbfca3;2021-11-22T11:08:28.181+0000
376;6640a2057810a93511ae00bf4f66357e;7b7f7b36f174a155680ab184fd0761fc;2021-11-22T11:37:13.708+0000
377;26b5a61b402c66acceb970ce06a13bb2;844d044f0c5f53d62a823357a756ef87;2021-11-22T19:47:34.049+0000
378;410cbf4061850539a06e9c1e46ffe04a;b4d491a1849c1e6979d4a31d58419af2;2021-11-23T13:41:51.745+0000
379;410cbf4061850539a06e9c1e46ffe04a;7b7f7b36f174a155680ab184fd0761fc;2021-11-23T14:30:03.252+0000
380;6640a2057810a93511ae00bf4f66357e;46d1fb2770020dcbbd00a918d57f5ce4;2021-11-23T16:18:52.253+0000
381;26b5a61b402c66acceb970ce06a13bb2;bc2da9ee2132fc38eee9972720947e4b;2021-11-23T19:36:13.875+0000
382;10278a9c5032bc7df577045c98e16bda;91f73f7e84b6e157c5d5aed88f23a398;2021-11-24T10:04:54.262+0000
383;10278a9c5032bc7df577045c98e16bda;d41c8946cda37db69d8bc083b90255cf;2021-11-24T11:52:46.060+0000
384;10278a9c5032bc7df577045c98e16bda;0b923822aa7a5f4518e39d50c7b4fd05;2021-11-24T12:26:57.790+0000
385;410cbf4061850539a06e9c1e46ffe04a;109a6e82ff923726e48b03ec49f81796;2021-11-25T09:18:21.793+0000
386;410cbf4061850539a06e9c1e46ffe04a;c31d756e5ca8e94b41ff4ebd619b68d9;2021-11-25T09:22:12.805+0000
387;410cbf4061850539a06e9c1e46ffe04a;c31d756e5ca8e94b41ff4ebd619b68d9;2021-11-25T10:20:20.518+0000
388;6640a2057810a93511ae00bf4f66357e;b559865e5a9ea675a8f0112d91d6dbe6;2021-11-25T10:25:14.698+0000
389;10278a9c5032bc7df577045c98e16bda;e7732a95b7159aeb21e1197ec456eace;2021-11-25T13:56:53.710+0000
390;10278a9c5032bc7df577045c98e16bda;7f4c5eb31dc8b973dab731fd11b9d521;2021-11-25T17:48:08.896+0000
391;26b5a61b402c66acceb970ce06a13bb2;3444ca6a94c0c0b7b1147a2b6f8186f1;2021-11-25T18:37:53.195+0000
392;6640a2057810a93511ae00bf4f66357e;c31d756e5ca8e94b41ff4ebd619b68d9;2021-11-26T08:24:19.223+0000
393;6640a2057810a93511ae00bf4f66357e;699705af84b75ba6b6f639f293cf6adb;2021-11-26T10:35:44.653+0000
394;410cbf4061850539a06e9c1e46ffe04a;61e52ee1e86776303754f32728f7a830;2021-11-26T10:42:13.116+0000
395;410cbf4061850539a06e9c1e46ffe04a;a50b8e3e3aeb26c80615763e34825523;2021-11-26T12:45:34.048+0000
396;410cbf4061850539a06e9c1e46ffe04a;05ef2ffb283bcbf6280cca69d5a800b8;2021-11-27T12:17:19.427+0000
397;410cbf4061850539a06e9c1e46ffe04a;05ef2ffb283bcbf6280cca69d5a800b8;2021-11-27T12:19:36.697+0000
398;410cbf4061850539a06e9c1e46ffe04a;974fa598e21f4d981f94cdfbac14b668;2021-11-27T12:53:01.411+0000
399;6640a2057810a93511ae00bf4f66357e;1621a0098e600a795b8c743a54087849;2021-11-29T09:32:42.451+0000
400;6640a2057810a93511ae00bf4f66357e;fdf8db7f86d69e400c059ddc522b6fc2;2021-11-29T10:58:35.506+0000
401;26b5a61b402c66acceb970ce06a13bb2;951a101185db4cec782212f7e7560a1d;2021-11-29T12:37:17.613+0000
402;26b5a61b402c66acceb970ce06a13bb2;4e855c719fcad1004825c915323b548d;2021-11-29T13:17:56.010+0000
403;26b5a61b402c66acceb970ce06a13bb2;cd804446737a1f00d1d9e8f3e915615d;2021-11-30T06:34:14.939+0000
404;410cbf4061850539a06e9c1e46ffe04a;b6fcece132f2d9ce61cd75c5604a5de2;2021-11-30T07:24:21.420+0000
405;26b5a61b402c66acceb970ce06a13bb2;c95276dee2693af65e25858cfec48512;2021-11-30T09:29:07.613+0000
406;26b5a61b402c66acceb970ce06a13bb2;f07318669bc28ac269cc6fea7b7792fe;2021-11-30T10:41:11.707+0000
407;6640a2057810a93511ae00bf4f66357e;d3589beed59b299dcbdbe28413c66f76;2021-11-30T13:01:16.144+0000
408;10278a9c5032bc7df577045c98e16bda;49211f714c86f456931ab80f01b510e3;2021-11-30T13:10:13.620+0000
409;410cbf4061850539a06e9c1e46ffe04a;6cc7c760221a2fe7acc9acdb61bfb29d;2021-11-30T14:46:45.322+0000
410;410cbf4061850539a06e9c1e46ffe04a;6cc7c760221a2fe7acc9acdb61bfb29d;2021-11-30T14:47:20.850+0000
411;26b5a61b402c66acceb970ce06a13bb2;21d54f87e9328dbf4f68c50092c5232c;2021-11-30T22:30:44.350+0000
412;410cbf4061850539a06e9c1e46ffe04a;0110d8f5e03b78b309f56e9c86e5fba9;2021-12-01T08:59:07.999+0000
413;410cbf4061850539a06e9c1e46ffe04a;d87e74d729a874139f039d36b3c65643;2021-12-01T11:33:01.872+0000
414;6640a2057810a93511ae00bf4f66357e;1cbad431301ef2a848cbca0c6ac7b156;2021-12-01T12:19:54.450+0000
415;410cbf4061850539a06e9c1e46ffe04a;3682dd5ce88b50147abbc33c79c19685;2021-12-01T13:52:30.287+0000
416;410cbf4061850539a06e9c1e46ffe04a;01719a3d9ed43b1f971bf9de9c91e53a;2021-12-01T14:51:57.619+0000
417;6640a2057810a93511ae00bf4f66357e;f8c253527b81d56845878e3fb44d1bbd;2021-12-01T15:55:04.648+0000
418;410cbf4061850539a06e9c1e46ffe04a;041d5fba8c4396b4cd18e337770f1fe9;2021-12-01T15:56:52.222+0000
419;410cbf4061850539a06e9c1e46ffe04a;7aa4be04877f2ff8f78c40e2b24f9970;2021-12-01T16:04:45.098+0000
420;26b5a61b402c66acceb970ce06a13bb2;fd403f5638fcb37293bd6b47f06393e2;2021-12-02T05:56:03.600+0000
421;6640a2057810a93511ae00bf4f66357e;378406b42c13d6b2f0b44bbaf49f084f;2021-12-02T11:37:40.672+0000
422;410cbf4061850539a06e9c1e46ffe04a;45b6af800b4b4813d3259095d0eab0ad;2021-12-02T13:51:24.512+0000
423;8fd9a197518c6f7a94e0065742a92f50;f0117599c8379985311c2a98de04170f;2021-12-02T14:20:18.492+0000
424;10278a9c5032bc7df577045c98e16bda;288a03b4b050430642349a548703106c;2021-12-02T21:10:34.230+0000
425;410cbf4061850539a06e9c1e46ffe04a;f8dc4918fefdfb84ebfbbbfa68318008;2021-12-03T07:18:08.292+0000
426;26b5a61b402c66acceb970ce06a13bb2;5f83edd670f4b6c4cecfc23b541efec9;2021-12-03T10:56:27.850+0000
427;410cbf4061850539a06e9c1e46ffe04a;993ebf51a1ecebfecbe2491fed11133c;2021-12-03T13:09:27.236+0000
428;410cbf4061850539a06e9c1e46ffe04a;60b8719c4e066e08cd9c498054b59e3d;2021-12-03T14:26:50.993+0000
429;10278a9c5032bc7df577045c98e16bda;d1356b9bf4a450ac42d0e370fdc06536;2021-12-03T14:51:44.590+0000
430;410cbf4061850539a06e9c1e46ffe04a;8b76c01622d1fc5b74f4d8c858eba96d;2021-12-03T14:53:12.124+0000
431;26b5a61b402c66acceb970ce06a13bb2;ca76445301ade44a91528769cb8edaa8;2021-12-03T14:58:24.697+0000
432;410cbf4061850539a06e9c1e46ffe04a;8fe23e97a3f21870a756b81af2f0114c;2021-12-04T11:19:04.961+0000
433;410cbf4061850539a06e9c1e46ffe04a;a3bc54dfd742e5df698049de32bee7a0;2021-12-04T11:43:56.510+0000
434;410cbf4061850539a06e9c1e46ffe04a;f920745191eac9301504597d5f528158;2021-12-04T14:46:50.957+0000
435;410cbf4061850539a06e9c1e46ffe04a;b766c44920839a66d15bcd46385d481a;2021-12-04T14:50:32.686+0000
436;10278a9c5032bc7df577045c98e16bda;5f14d2df3043f240d16583f08d70ae88;2021-12-05T12:16:37.632+0000
437;8587ea17616137875dd5fba439b9e577;05ef2ffb283bcbf6280cca69d5a800b8;2021-12-05T15:05:06.908+0000
438;8fd9a197518c6f7a94e0065742a92f50;83482f39d7f78aa1d3d5b5253c6a22f4;2021-12-05T17:59:43.324+0000
439;410cbf4061850539a06e9c1e46ffe04a;6625ff9296bbf076973292171ae33e26;2021-12-06T08:01:44.871+0000
440;410cbf4061850539a06e9c1e46ffe04a;abac1e2a43f90939a97aa7ef5096623d;2021-12-06T09:15:17.215+0000
441;410cbf4061850539a06e9c1e46ffe04a;abac1e2a43f90939a97aa7ef5096623d;2021-12-06T09:29:03.598+0000
442;6640a2057810a93511ae00bf4f66357e;94cb0a83ac50afa72737133a9acce4d5;2021-12-06T09:50:56.835+0000
443;26b5a61b402c66acceb970ce06a13bb2;52dcbbc93b18fa1d95bd61b9c741c426;2021-12-06T10:14:14.992+0000
444;26b5a61b402c66acceb970ce06a13bb2;1a564eec06ca3df7e7aff156a836ac73;2021-12-06T10:39:35.375+0000
445;26b5a61b402c66acceb970ce06a13bb2;80d39f3c807ecc9d922311cca84a187b;2021-12-06T10:58:36.932+0000
446;26b5a61b402c66acceb970ce06a13bb2;ea295dc1a1756f1d4a94db58774a39ad;2021-12-06T13:53:58.388+0000
447;410cbf4061850539a06e9c1e46ffe04a;e4958bab49bb7cfd649854076944c7c3;2021-12-07T07:37:59.393+0000
448;410cbf4061850539a06e9c1e46ffe04a;6625ff9296bbf076973292171ae33e26;2021-12-07T08:08:30.128+0000
449;898a4c7ac5650aacd157c4e69aa275e3;93b738fbfb2a57c179331f32e43f1fb8;2021-12-07T11:26:01.695+0000
450;410cbf4061850539a06e9c1e46ffe04a;f061de28474e1b0b716393bfc12497ed;2021-12-07T12:41:30.450+0000
451;8587ea17616137875dd5fba439b9e577;0876365e3208d0ebfaeda585cca74b76;2021-12-07T14:32:26.315+0000
452;26b5a61b402c66acceb970ce06a13bb2;03797d2422351532c94716c4e0603d3c;2021-12-07T15:55:37.105+0000
453;10278a9c5032bc7df577045c98e16bda;7194a62eb9755905beb9c24b47b09203;2021-12-07T16:30:14.726+0000
454;10278a9c5032bc7df577045c98e16bda;9b9da9b95c4159aa22ccf453d5416f06;2021-12-08T09:07:08.953+0000
455;410cbf4061850539a06e9c1e46ffe04a;c37dad381db0f53f9d6397337a1342e3;2021-12-08T09:25:34.796+0000
456;410cbf4061850539a06e9c1e46ffe04a;b6fcece132f2d9ce61cd75c5604a5de2;2021-12-08T10:23:02.374+0000
457;410cbf4061850539a06e9c1e46ffe04a;c31d756e5ca8e94b41ff4ebd619b68d9;2021-12-08T15:55:28.762+0000
458;410cbf4061850539a06e9c1e46ffe04a;05354c57187b314e63b7e9a96bd9e5f1;2021-12-08T16:00:43.465+0000
459;410cbf4061850539a06e9c1e46ffe04a;522da581782e73cc876e074dd262c9c4;2021-12-08T16:04:48.434+0000
460;410cbf4061850539a06e9c1e46ffe04a;e8ff10b476359fddc576df305389342b;2021-12-08T16:08:18.344+0000
461;410cbf4061850539a06e9c1e46ffe04a;80d9547d00e4b70c1a5c92b74f3720ec;2021-12-08T16:12:35.233+0000
462;410cbf4061850539a06e9c1e46ffe04a;c31d756e5ca8e94b41ff4ebd619b68d9;2021-12-08T16:14:33.506+0000
463;410cbf4061850539a06e9c1e46ffe04a;c31d756e5ca8e94b41ff4ebd619b68d9;2021-12-08T16:16:04.855+0000
464;410cbf4061850539a06e9c1e46ffe04a;c31d756e5ca8e94b41ff4ebd619b68d9;2021-12-08T16:16:38.864+0000
465;410cbf4061850539a06e9c1e46ffe04a;c31d756e5ca8e94b41ff4ebd619b68d9;2021-12-08T16:17:20.567+0000
466;410cbf4061850539a06e9c1e46ffe04a;c31d756e5ca8e94b41ff4ebd619b68d9;2021-12-08T16:17:52.776+0000
467;410cbf4061850539a06e9c1e46ffe04a;e5ff3c1d312542c6edd7d7ae8ea008be;2021-12-08T16:20:53.973+0000
468;410cbf4061850539a06e9c1e46ffe04a;e703aaea8b6faa9d635a0876af8c5ab6;2021-12-08T16:24:59.565+0000
469;410cbf4061850539a06e9c1e46ffe04a;c31d756e5ca8e94b41ff4ebd619b68d9;2021-12-08T16:27:38.526+0000
470;410cbf4061850539a06e9c1e46ffe04a;66c66caa6120a1b584f0c5c3a37232b5;2021-12-08T16:32:12.411+0000
471;410cbf4061850539a06e9c1e46ffe04a;7e249c81199b4068bb7bf1b1f2b884a0;2021-12-08T16:35:23.910+0000
472;410cbf4061850539a06e9c1e46ffe04a;b5f8373d2f31875c0e2ee1cb37fa2350;2021-12-08T16:44:28.978+0000
473;410cbf4061850539a06e9c1e46ffe04a;623ee3200b6a26cf3153f5b108a8f4f3;2021-12-08T16:48:04.851+0000
474;410cbf4061850539a06e9c1e46ffe04a;b571987cc6c11ebf7dc6706d542a2a07;2021-12-09T07:04:21.488+0000
475;6640a2057810a93511ae00bf4f66357e;abc42d4c7e24fbd5b708dfff5ba6bbca;2021-12-09T13:32:17.409+0000
476;410cbf4061850539a06e9c1e46ffe04a;cb81dac1c6d261021f25bc953a89d560;2021-12-09T14:15:19.718+0000
477;26b5a61b402c66acceb970ce06a13bb2;ae645477731d52c18ac40eea3af37e03;2021-12-09T19:39:31.201+0000
478;410cbf4061850539a06e9c1e46ffe04a;469adac9e44f44cb510b90342de37a4c;2021-12-10T07:57:41.851+0000
479;410cbf4061850539a06e9c1e46ffe04a;469adac9e44f44cb510b90342de37a4c;2021-12-10T07:58:03.326+0000
480;d885fcb693e41d48e92b2ece83363b1f;41f444fb3cea9b3f820dcc575077a9cd;2021-12-10T08:23:59.073+0000
481;410cbf4061850539a06e9c1e46ffe04a;d610cb56ca4daf727cf233fce467ea2d;2021-12-10T09:17:39.240+0000
482;cbec036f8a8deb7b36ddb38e8922454f;3f237a48cc7702bc2f7b1cd47a95ec8a;2021-12-10T11:43:44.873+0000
483;410cbf4061850539a06e9c1e46ffe04a;5315ac923939d1df15d2a15c824ae0f5;2021-12-10T16:14:07.878+0000
484;26b5a61b402c66acceb970ce06a13bb2;25a29f1b0a42450901fbe35e3c6d5555;2021-12-10T17:07:44.952+0000
485;2fc1b8c2c718f1cfba112d0717f01eee;5b7d33e5b7d366249037a841eb1fd970;2021-12-11T18:10:25.092+0000
486;2fc1b8c2c718f1cfba112d0717f01eee;e3b8fa494dd4e8a74b26500aa36798df;2021-12-11T18:26:10.358+0000
487;6640a2057810a93511ae00bf4f66357e;a93f68918d057c7f2a4da99db10c2855;2021-12-13T11:17:01.506+0000
488;cca50cfe4f28aa16b6d8e68733a65ef6;b766c44920839a66d15bcd46385d481a;2021-12-13T15:48:15.049+0000
489;d9991d1fca71c74702ae13f78f48777f;d90ce6696f886c8d1e6a26ae7e2a5494;2021-12-14T07:05:06.485+0000
490;26b5a61b402c66acceb970ce06a13bb2;f4d71f4dc3f3b2b95d2d32f5f5afd533;2021-12-14T08:50:02.597+0000
491;10278a9c5032bc7df577045c98e16bda;bd0f8a1cdde947e526d8020a04aef0ae;2021-12-14T20:48:26.713+0000
492;6640a2057810a93511ae00bf4f66357e;0a5cf2fb8b00b55c065a6c73f87cc280;2021-12-15T09:09:47.581+0000
493;26b5a61b402c66acceb970ce06a13bb2;742d6d570ca03d998555847371707b0a;2021-12-15T10:28:08.339+0000
494;6640a2057810a93511ae00bf4f66357e;742d6d570ca03d998555847371707b0a;2021-12-15T10:32:33.636+0000
495;10278a9c5032bc7df577045c98e16bda;eaa017f8db13cc2096b2333b5cb3a593;2021-12-16T09:54:19.577+0000
496;cca50cfe4f28aa16b6d8e68733a65ef6;93b738fbfb2a57c179331f32e43f1fb8;2021-12-16T10:31:26.227+0000
497;10278a9c5032bc7df577045c98e16bda;0110d8f5e03b78b309f56e9c86e5fba9;2021-12-16T13:31:49.381+0000
498;72b41045021aacf5b83a1491d8ee02cc;33eb9e12a8aba5331b4df76190976419;2021-12-18T10:57:38.955+0000
499;cca50cfe4f28aa16b6d8e68733a65ef6;26c74c79df76b6453bf1f6b4cee102f7;2021-12-18T16:00:23.718+0000
500;8fd9a197518c6f7a94e0065742a92f50;59695b0fb1dbcde490b5117b931344cc;2021-12-18T16:42:25.473+0000
501;321852a6cafc93bd92567d61cc9dc311;8c9a7b87a64cbdb57360372f25658c57;2021-12-18T16:52:57.580+0000
502;44f9fec3c320dacbffaf1eec5868b24f;255c52de5c462d6011f4063c54a0d6aa;2021-12-20T18:25:46.677+0000
503;10278a9c5032bc7df577045c98e16bda;b99e62a929bee83d57998821712eef70;2021-12-21T08:41:54.235+0000
504;6640a2057810a93511ae00bf4f66357e;1651643a55bb289576b79d837807f4ef;2021-12-21T09:59:54.972+0000
505;6640a2057810a93511ae00bf4f66357e;ca76445301ade44a91528769cb8edaa8;2021-12-21T10:03:24.708+0000
506;65b55aaba9f79e1549f8bbd3c37b9790;dd26dcd952f9f3b03d11f6deb29bc509;2021-12-21T12:11:46.127+0000
507;6640a2057810a93511ae00bf4f66357e;4f00d0e520e190259381f8b4f90b1a3b;2021-12-21T12:16:24.628+0000
508;26b5a61b402c66acceb970ce06a13bb2;17ac6b9c21e8b4f36a21883b212ab034;2021-12-21T12:18:36.604+0000
509;10278a9c5032bc7df577045c98e16bda;4227456251fe75d034077a1bf2ea6f7d;2021-12-21T15:53:25.008+0000
510;26b5a61b402c66acceb970ce06a13bb2;eb666acaef4d62b932c75ac728305669;2021-12-21T17:06:46.678+0000
511;26b5a61b402c66acceb970ce06a13bb2;ad16840c6981619eb5c12f15b2f69fc0;2021-12-21T19:39:27.469+0000
512;26b5a61b402c66acceb970ce06a13bb2;0614982d0247ab82f1dfbdf9b2533aff;2021-12-22T08:13:15.381+0000
513;8587ea17616137875dd5fba439b9e577;b0e69e51c47cc8fb88d33b77f44daa56;2021-12-22T09:16:28.801+0000
514;26b5a61b402c66acceb970ce06a13bb2;5c72fa767a76e11a924d59f29e3b5e90;2021-12-22T09:32:46.084+0000
515;26b5a61b402c66acceb970ce06a13bb2;a76d0b478e7c8c9b541b1767d814b34f;2021-12-22T10:38:01.268+0000
516;10278a9c5032bc7df577045c98e16bda;9c2f3d48832273edd26ae660b4bf9437;2021-12-22T13:33:30.301+0000
517;8587ea17616137875dd5fba439b9e577;06cbe861bc9e9ea34c53ad2634d672d2;2021-12-22T15:57:30.938+0000
518;26b5a61b402c66acceb970ce06a13bb2;dfb14d1a66670e45e69edc48dc2f28c1;2021-12-22T21:10:36.084+0000
519;26b5a61b402c66acceb970ce06a13bb2;3302987a6c320f8396d5d01bca566ef4;2021-12-23T09:29:21.540+0000
520;26b5a61b402c66acceb970ce06a13bb2;1c8f54ff59944a076d194cf5b4a908ee;2021-12-24T11:26:29.749+0000
521;26b5a61b402c66acceb970ce06a13bb2;44062408904c7334631ddb8af45778a1;2021-12-27T13:12:32.903+0000
522;4c942ed1aa31ba680d7428bf5b0d7ef5;31b723a387e872ed847e4ecb1417b944;2021-12-27T19:21:30.446+0000
523;10278a9c5032bc7df577045c98e16bda;c40c934e0533c788a5162cfabde03504;2021-12-28T08:04:36.848+0000
524;10278a9c5032bc7df577045c98e16bda;7eaf1d9cdedf8efd7b5d74962037f6e3;2021-12-28T09:12:06.162+0000
525;10278a9c5032bc7df577045c98e16bda;bd35323df86ded209421964eecdc007f;2021-12-28T09:31:06.404+0000
526;cca50cfe4f28aa16b6d8e68733a65ef6;fc4674a185fcf0ae8b6f7f100c11c471;2021-12-28T12:36:37.288+0000
527;26b5a61b402c66acceb970ce06a13bb2;a83594a2f5f67ddf5522ad8dbb8c1f9d;2021-12-28T20:36:06.032+0000
528;26b5a61b402c66acceb970ce06a13bb2;6c265daa19ee61c987b5602b5d7ecc6c;2021-12-30T15:48:32.762+0000
529;26b5a61b402c66acceb970ce06a13bb2;6c230463278b7e69c1d72330cfc3a5b6;2021-12-31T07:25:38.086+0000
530;10278a9c5032bc7df577045c98e16bda;e9f946c4507c281c3a7de82e8d9974a1;2021-12-31T14:34:23.688+0000
531;10278a9c5032bc7df577045c98e16bda;54a5dd296a918775805cde7bb953e923;2022-01-01T17:12:02.628+0000
532;6640a2057810a93511ae00bf4f66357e;236b155cf0e8c0149422beddb499ba92;2022-01-03T11:54:19.651+0000
533;7d81a50652f06f548b9f10ec985793de;69db115475689554bb2d38808933de2e;2022-01-05T19:59:04.815+0000
534;6640a2057810a93511ae00bf4f66357e;6ed97bec21c7906c18381756ce8df2f6;2022-01-06T07:40:48.756+0000
535;10278a9c5032bc7df577045c98e16bda;63b5d24c12c9b5106cba2366dfcdcbc8;2022-01-07T17:32:05.081+0000
536;26b5a61b402c66acceb970ce06a13bb2;ec0692fed023d9a5b910bcbe15f7668b;2022-01-10T10:23:17.399+0000
537;10278a9c5032bc7df577045c98e16bda;3813d7846d0cab09f712fbae36ab262f;2022-01-13T15:11:27.366+0000
538;26b5a61b402c66acceb970ce06a13bb2;d8e456de7c6b18ca0a61a95d73176062;2022-01-15T09:08:31.702+0000
539;6640a2057810a93511ae00bf4f66357e;8f05146912704657775d4d4077274a5f;2022-01-15T10:55:45.498+0000
540;10278a9c5032bc7df577045c98e16bda;c79847edbc50bc2a277d8a7d4fb2430f;2022-01-16T12:28:20.887+0000
541;26b5a61b402c66acceb970ce06a13bb2;d6ab9d5e5a2687b28df7b84908d9640c;2022-01-17T11:47:23.498+0000
542;26b5a61b402c66acceb970ce06a13bb2;1203eb5efbe63bee7bc7acbcae760045;2022-01-18T08:30:39.788+0000
543;6640a2057810a93511ae00bf4f66357e;124fa278e0702d6e5db6b6b37a29361f;2022-01-18T09:01:32.513+0000
544;6640a2057810a93511ae00bf4f66357e;b0799bbb4c37cbf613e810f8ecc129f3;2022-01-18T09:49:45.945+0000
545;a6473e1fccb1f56b594f01ccddc52f8f;012f7e21286662fa7cb4d179b41ed1a0;2022-01-18T14:08:26.152+0000
546;26b5a61b402c66acceb970ce06a13bb2;76b4f619659300d5e2dde75c376b100a;2022-01-19T19:57:17.953+0000
547;10278a9c5032bc7df577045c98e16bda;1151b9ead564646eb8c3b5005fa014c4;2022-01-20T09:30:11.016+0000
548;10278a9c5032bc7df577045c98e16bda;a09dbefaa99435e904d6350519fe7a63;2022-01-20T10:33:13.201+0000
549;65b55aaba9f79e1549f8bbd3c37b9790;6fd05e75563b2967959f846107af7ab9;2022-01-20T13:01:44.709+0000
550;10278a9c5032bc7df577045c98e16bda;b3306d0d7c13d1ba244767377465161f;2022-01-20T15:09:41.227+0000
551;d9991d1fca71c74702ae13f78f48777f;82a17feb9ab7d17a0c4c73ef7b856f0a;2022-01-21T12:59:43.356+0000
552;26b5a61b402c66acceb970ce06a13bb2;f9f037a2b87ce208c9321d9ff9e01a48;2022-01-24T16:04:47.437+0000
553;6640a2057810a93511ae00bf4f66357e;ad3c301a5ddf755b733a868c2e9f7548;2022-01-25T13:43:45.719+0000
554;cca50cfe4f28aa16b6d8e68733a65ef6;85e094c618ea49dc55021985b3f56a06;2022-01-25T14:58:44.794+0000
555;10278a9c5032bc7df577045c98e16bda;6d471750e5ead84cd5fa02820403dc0b;2022-01-25T15:23:14.036+0000
556;10278a9c5032bc7df577045c98e16bda;0b7b3302e28cea13b7ae22e22d1e6f2b;2022-01-25T15:32:48.230+0000
557;321852a6cafc93bd92567d61cc9dc311;d9bfda0f7306380626962847397900bb;2022-01-25T15:38:14.295+0000
558;10278a9c5032bc7df577045c98e16bda;8692f4865226c5b39e2c557ec0d87914;2022-01-25T15:51:30.590+0000
559;10278a9c5032bc7df577045c98e16bda;8692f4865226c5b39e2c557ec0d87914;2022-01-25T15:54:42.794+0000
560;10278a9c5032bc7df577045c98e16bda;8692f4865226c5b39e2c557ec0d87914;2022-01-25T16:14:08.090+0000
561;10278a9c5032bc7df577045c98e16bda;137b5a577ad7d9fd6927c249379d3c11;2022-01-25T16:15:37.733+0000
562;10278a9c5032bc7df577045c98e16bda;e4b79e1d1765528061e2aa6a398c9141;2022-01-25T16:35:24.830+0000
563;10278a9c5032bc7df577045c98e16bda;8692f4865226c5b39e2c557ec0d87914;2022-01-25T16:59:54.503+0000
564;10278a9c5032bc7df577045c98e16bda;7f4c5eb31dc8b973dab731fd11b9d521;2022-01-25T18:37:09.446+0000
565;430ed058dc3b90bd4032468166d21133;7e1c94c4d2a5b4211c50276c5db86389;2022-01-26T05:49:02.194+0000
566;10278a9c5032bc7df577045c98e16bda;706a8e6d7020dd536fca49ec099caf81;2022-01-26T07:51:07.142+0000
567;10278a9c5032bc7df577045c98e16bda;975ff991341804304ff2607129893498;2022-01-26T10:32:53.603+0000
568;26b5a61b402c66acceb970ce06a13bb2;9932a5426928853ff546e854a933becc;2022-01-26T11:39:21.834+0000
569;10278a9c5032bc7df577045c98e16bda;c06e64107613211b0927d1d74f97a18b;2022-01-26T13:11:07.235+0000
570;10278a9c5032bc7df577045c98e16bda;842737e5a61ccb92554a8c99312fe73c;2022-01-26T19:01:44.952+0000
571;10278a9c5032bc7df577045c98e16bda;feee18d79c6997d68f83af535787b1ad;2022-01-26T19:32:14.159+0000
572;26b5a61b402c66acceb970ce06a13bb2;55c48ee9696ef680f42503d3ce2f2afe;2022-01-26T20:14:29.794+0000
573;10278a9c5032bc7df577045c98e16bda;c485a6a7bc1e01a50765ac5882d8085d;2022-01-27T07:51:03.111+0000
574;65b55aaba9f79e1549f8bbd3c37b9790;e1a9ece55e3a2323e7c16af0a44ed105;2022-01-28T08:29:24.479+0000
575;10278a9c5032bc7df577045c98e16bda;75bdc0f8c26613b367ef810db667f19c;2022-01-28T14:05:02.283+0000
576;10278a9c5032bc7df577045c98e16bda;5d86878e1bb4812435b45cf65ed18677;2022-01-28T15:54:35.566+0000
577;4c942ed1aa31ba680d7428bf5b0d7ef5;8204154abe2ef17e53183cc6c4c6867b;2022-01-29T09:22:20.943+0000
578;4c942ed1aa31ba680d7428bf5b0d7ef5;03d0d220aee2421ace57fff6aea01df6;2022-01-29T10:57:43.609+0000
579;10278a9c5032bc7df577045c98e16bda;6952d2a59b4f7c2c5738d20c4f0b4ec1;2022-01-29T12:37:31.938+0000
580;26b5a61b402c66acceb970ce06a13bb2;52da695da76dd306153fb1131f0790bb;2022-01-30T10:14:04.951+0000
581;10278a9c5032bc7df577045c98e16bda;4132377ab9982b064b3b451009142da2;2022-01-30T13:22:18.174+0000
582;4c942ed1aa31ba680d7428bf5b0d7ef5;c6a3e07b49fe2682cc27b3c8c85f5b64;2022-01-30T18:04:43.232+0000
583;10278a9c5032bc7df577045c98e16bda;9705a04602d581c26043e0bbe31426e2;2022-01-30T19:57:58.070+0000
584;10278a9c5032bc7df577045c98e16bda;9705a04602d581c26043e0bbe31426e2;2022-01-31T07:17:46.117+0000
585;4c942ed1aa31ba680d7428bf5b0d7ef5;f44b3d0e2ef57fe2db2103fb8c365227;2022-01-31T14:01:55.237+0000
586;10278a9c5032bc7df577045c98e16bda;6279634590b08d35c5ed4472c01b896e;2022-01-31T14:53:45.661+0000
587;4c942ed1aa31ba680d7428bf5b0d7ef5;2d22ed148c2c835fbfd9dc561dbcfd17;2022-01-31T19:18:11.568+0000
588;10278a9c5032bc7df577045c98e16bda;8c5425d71ac006837ce620f07012c114;2022-01-31T20:21:38.576+0000
589;10278a9c5032bc7df577045c98e16bda;d977b777f87f02eb596ed16e44f7b42c;2022-01-31T21:30:31.480+0000
590;10278a9c5032bc7df577045c98e16bda;326c650b2094de850e101df1cd0acb71;2022-02-01T10:43:23.134+0000
591;10278a9c5032bc7df577045c98e16bda;127fbb798a817fe025018e9cf1eaae28;2022-02-01T11:48:19.130+0000
592;10278a9c5032bc7df577045c98e16bda;bdf5f5c9cdfcb06d3f8247f20c49085a;2022-02-01T12:57:21.102+0000
593;26b5a61b402c66acceb970ce06a13bb2;af0c7f59787080127e9c7798bf1cc630;2022-02-02T10:06:18.922+0000
594;26b5a61b402c66acceb970ce06a13bb2;de3b7c28bb89e2ba1192a1a41ab9cf37;2022-02-03T09:32:19.653+0000
595;6640a2057810a93511ae00bf4f66357e;c16fad3822db696cad262cbdd033bfb8;2022-02-03T10:03:50.434+0000
596;7d81a50652f06f548b9f10ec985793de;3b6a7821fd264cdbae02773b8cd5f7be;2022-02-03T15:50:38.482+0000
597;10278a9c5032bc7df577045c98e16bda;25443d9d449937edbad86199b84df279;2022-02-04T16:48:33.591+0000
598;10278a9c5032bc7df577045c98e16bda;c21916a78a69583c4f3e94ca89c277dd;2022-02-05T13:44:24.122+0000
599;10278a9c5032bc7df577045c98e16bda;ce4062fd5b0eedbe228e9644e1dee6e7;2022-02-06T09:42:17.479+0000
600;26b5a61b402c66acceb970ce06a13bb2;697f41f95f77c8e4b7a0dd4460367a6b;2022-02-06T13:29:50.105+0000
601;321852a6cafc93bd92567d61cc9dc311;b9127c58d84259e2914a52cb73f9f618;2022-02-06T18:10:25.524+0000
602;10278a9c5032bc7df577045c98e16bda;c98b69f186293ab2afbcae5cf412564b;2022-02-07T07:45:56.613+0000
603;26b5a61b402c66acceb970ce06a13bb2;e48ee1f1d535e64e84366b8c1c8583a8;2022-02-08T15:22:37.443+0000
604;10278a9c5032bc7df577045c98e16bda;6113c0048d33f30ce5feb7b600797015;2022-02-08T18:11:33.912+0000
605;10278a9c5032bc7df577045c98e16bda;bbf2616a9bdf3cdb57f7058c40a1ae98;2022-02-09T11:05:47.531+0000
606;6640a2057810a93511ae00bf4f66357e;24d6e17ee9f48b255d70e9808d609e82;2022-02-09T12:51:23.674+0000
607;6640a2057810a93511ae00bf4f66357e;d4bd9c6267e21843fd7507132a0416bb;2022-02-09T14:18:35.433+0000
608;10278a9c5032bc7df577045c98e16bda;95b10c887a439e2337524c6ad9b90e75;2022-02-09T15:13:03.353+0000
609;10278a9c5032bc7df577045c98e16bda;c2e66a123738649cb6b8067567e70cb1;2022-02-10T08:33:02.050+0000
610;10278a9c5032bc7df577045c98e16bda;3046769a847204b2019b55beb0cbe998;2022-02-10T09:03:48.957+0000
611;65b55aaba9f79e1549f8bbd3c37b9790;af4144ea8c530fe9fb31ea9b4c11e1b2;2022-02-10T18:50:13.926+0000
612;8118dfb78850cd5c36f08861fe82350c;9103c74318f5e8d1de30af7013625c2a;2022-02-11T09:55:54.808+0000
613;5cd665e1cac633e98254ecafcde8605c;dd26dcd952f9f3b03d11f6deb29bc509;2022-02-15T12:56:35.952+0000
614;84e9bc232072c7c11b4d6b2216386bed;93b738fbfb2a57c179331f32e43f1fb8;2022-02-16T09:25:41.006+0000
615;5cd665e1cac633e98254ecafcde8605c;93b738fbfb2a57c179331f32e43f1fb8;2022-02-16T14:08:11.865+0000
616;3472dd3614a613ff29f13f5a33cb66b5;93b738fbfb2a57c179331f32e43f1fb8;2022-02-16T14:16:26.722+0000
617;d262f2bd4bdf79a640d3fb23f4e9bcc9;93b738fbfb2a57c179331f32e43f1fb8;2022-02-16T14:35:13.853+0000
618;d262f2bd4bdf79a640d3fb23f4e9bcc9;8f05146912704657775d4d4077274a5f;2022-02-16T17:31:45.601+0000
619;d262f2bd4bdf79a640d3fb23f4e9bcc9;7da974a07357f36fcfac1b5b920daf50;2022-02-17T09:45:56.694+0000
620;6640a2057810a93511ae00bf4f66357e;55821f18cf1efa06d240c1052b73dee0;2022-02-17T12:30:11.765+0000
621;6640a2057810a93511ae00bf4f66357e;520927e5ef1c01ba1e1805ed09674942;2022-02-17T12:30:19.403+0000
622;6640a2057810a93511ae00bf4f66357e;f410a00e25a6ea68fd9496dca383b22a;2022-02-17T16:07:48.636+0000
623;d262f2bd4bdf79a640d3fb23f4e9bcc9;cbfbaba3ab752a5704d3fd276917742a;2022-02-17T16:53:16.520+0000
624;d262f2bd4bdf79a640d3fb23f4e9bcc9;ef63a205cff9bcd8728fc766c6237a94;2022-02-18T07:49:54.677+0000
625;5cd665e1cac633e98254ecafcde8605c;a65241c4a3d52a5d192ae83cb00fdd75;2022-02-18T10:01:32.174+0000
626;84e9bc232072c7c11b4d6b2216386bed;9bec448803d7f976835eb127622d3f8b;2022-02-19T12:13:09.918+0000
627;84e9bc232072c7c11b4d6b2216386bed;9bec448803d7f976835eb127622d3f8b;2022-02-19T12:24:28.166+0000
628;84e9bc232072c7c11b4d6b2216386bed;9bec448803d7f976835eb127622d3f8b;2022-02-19T12:26:10.538+0000
629;84e9bc232072c7c11b4d6b2216386bed;9bec448803d7f976835eb127622d3f8b;2022-02-19T12:29:55.609+0000
630;d262f2bd4bdf79a640d3fb23f4e9bcc9;f7c8aa8e28bb712a99ab0af21d352bc5;2022-02-20T09:47:13.100+0000
631;cca50cfe4f28aa16b6d8e68733a65ef6;36dff1efb786146cd1fb4ca37264d8ae;2022-02-20T11:09:54.841+0000
632;898a4c7ac5650aacd157c4e69aa275e3;dd26dcd952f9f3b03d11f6deb29bc509;2022-02-20T11:50:29.327+0000
633;d262f2bd4bdf79a640d3fb23f4e9bcc9;f82ffe6e0cda6758bcec49d2211c1382;2022-02-20T15:43:11.951+0000
634;84e9bc232072c7c11b4d6b2216386bed;1aec79cd13495322b1b24cd9bab0cad1;2022-02-21T13:46:18.763+0000
635;6640a2057810a93511ae00bf4f66357e;c13845bc8f55f6c4f7a61ecebef21260;2022-02-21T16:39:04.532+0000
636;6640a2057810a93511ae00bf4f66357e;c13845bc8f55f6c4f7a61ecebef21260;2022-02-21T16:42:44.361+0000
637;d262f2bd4bdf79a640d3fb23f4e9bcc9;3ff98a61d871fded52c24b9300314a6f;2022-02-22T10:54:57.843+0000
638;d262f2bd4bdf79a640d3fb23f4e9bcc9;50f00ad0aca99eddb773a18477cfe1f3;2022-02-23T08:26:30.377+0000
639;a6447c950167e9c6a7ea708abde7707f;7bfbe8211372cc4c7f3ab201a9ce860e;2022-02-23T21:47:44.193+0000
640;6640a2057810a93511ae00bf4f66357e;d8e456de7c6b18ca0a61a95d73176062;2022-02-24T09:03:44.778+0000
641;84e9bc232072c7c11b4d6b2216386bed;f95d52287ff4fc14f7c1f5c534873659;2022-02-24T13:42:43.512+0000
642;6640a2057810a93511ae00bf4f66357e;17641604127d8d5d67283e459b5e7d87;2022-02-25T09:45:47.547+0000
643;84e9bc232072c7c11b4d6b2216386bed;fc6eeeb6583ad663cc7272fb7fe8443b;2022-02-25T13:45:01.984+0000
644;d262f2bd4bdf79a640d3fb23f4e9bcc9;03efc09f497b836a6f9e31c2aadfd21f;2022-02-26T12:37:19.191+0000
645;84e9bc232072c7c11b4d6b2216386bed;70427bdee8e3c96a82fc8cd624d3d9aa;2022-02-28T10:56:15.680+0000
646;8118dfb78850cd5c36f08861fe82350c;d5e18e30dbead3f12ec9614e736d5385;2022-03-02T18:27:08.501+0000
647;72376ee9f5e974dd4c8a69e8e484dfa7;90abc743e22f675d2a2f442adf1c3786;2022-03-04T06:59:01.928+0000
648;7d81a50652f06f548b9f10ec985793de;939328cd4dea929f52be8a8358438d70;2022-03-04T14:43:59.093+0000
649;d262f2bd4bdf79a640d3fb23f4e9bcc9;0fee4258a18a2326b7d9e1e8f546ddeb;2022-03-04T17:09:58.621+0000
650;69c9ca6813bc3e77820c424f7a0a72f4;1a4add52c556dc4437afa873dc77bdd4;2022-03-05T12:26:44.834+0000
651;84e9bc232072c7c11b4d6b2216386bed;e48ee1f1d535e64e84366b8c1c8583a8;2022-03-06T09:59:25.211+0000
652;8118dfb78850cd5c36f08861fe82350c;884848089055540a41486ef448bd4e09;2022-03-07T10:15:24.130+0000
653;8118dfb78850cd5c36f08861fe82350c;884848089055540a41486ef448bd4e09;2022-03-07T10:44:56.512+0000
654;84e9bc232072c7c11b4d6b2216386bed;f4d71f4dc3f3b2b95d2d32f5f5afd533;2022-03-07T11:55:35.995+0000
655;84e9bc232072c7c11b4d6b2216386bed;bd94e34a558fb57728d537ee58eaebaa;2022-03-07T13:45:47.771+0000
656;898a4c7ac5650aacd157c4e69aa275e3;93b738fbfb2a57c179331f32e43f1fb8;2022-03-07T15:29:11.974+0000
657;f265ece1d1b1064dd8e0c76f55585849;3cc079a0c3944cfc2ea2039dbf07a899;2022-03-08T07:40:16.688+0000
658;7d81a50652f06f548b9f10ec985793de;3cc079a0c3944cfc2ea2039dbf07a899;2022-03-08T07:44:29.494+0000
659;72376ee9f5e974dd4c8a69e8e484dfa7;0d3c5fd8c7974cb152d71834e3457d9a;2022-03-08T10:50:43.826+0000
660;898a4c7ac5650aacd157c4e69aa275e3;a57c3d23c95bb99ee93bbaf0fb6e16c6;2022-03-08T19:27:01.294+0000
661;72376ee9f5e974dd4c8a69e8e484dfa7;327d1ff029197c5f12e011815755e77d;2022-03-09T08:48:26.703+0000
662;6640a2057810a93511ae00bf4f66357e;61584b6be87cbaf132e4f4500eeef174;2022-03-10T15:08:15.036+0000
663;d262f2bd4bdf79a640d3fb23f4e9bcc9;a20af12016dd49f03eeb6511d42c9dfc;2022-03-10T16:15:17.477+0000
664;84e9bc232072c7c11b4d6b2216386bed;462ad395b1758d52f65720c218a3a25f;2022-03-11T10:07:19.742+0000
665;d262f2bd4bdf79a640d3fb23f4e9bcc9;92b75e405259f1da6cd191f492fdcc68;2022-03-11T10:55:40.266+0000
666;d262f2bd4bdf79a640d3fb23f4e9bcc9;9afbfead17e5a14efe01cabec847b5da;2022-03-11T13:09:22.710+0000
667;d262f2bd4bdf79a640d3fb23f4e9bcc9;559d56e9d0287ca74014a82cf55a94b8;2022-03-11T14:33:03.414+0000
668;d262f2bd4bdf79a640d3fb23f4e9bcc9;7d240c01c422669084c8b66454ecbe18;2022-03-11T14:35:49.891+0000
669;d262f2bd4bdf79a640d3fb23f4e9bcc9;a39d450c7dca88b39a3122adb288075a;2022-03-11T16:01:02.459+0000
670;d262f2bd4bdf79a640d3fb23f4e9bcc9;9e126369201a3aedfa815845024d8810;2022-03-11T18:01:32.912+0000
671;d262f2bd4bdf79a640d3fb23f4e9bcc9;0b923822aa7a5f4518e39d50c7b4fd05;2022-03-12T08:10:18.700+0000
672;d262f2bd4bdf79a640d3fb23f4e9bcc9;7f85a0e9eaec6fa322af161b03981cb3;2022-03-12T10:00:02.662+0000
673;d262f2bd4bdf79a640d3fb23f4e9bcc9;4d1c0ff5abb3e9a88c0d5e3f9d5b3bee;2022-03-12T10:32:13.192+0000
674;d262f2bd4bdf79a640d3fb23f4e9bcc9;e9e37c6910512b63d0dbe2c6ea977668;2022-03-12T11:27:44.637+0000
675;d262f2bd4bdf79a640d3fb23f4e9bcc9;364f7c95f14478795d4409e985d5ad6d;2022-03-12T11:37:06.198+0000
676;d262f2bd4bdf79a640d3fb23f4e9bcc9;c93f1298bf3229f2f5c0212c1d4fe43c;2022-03-12T19:44:12.376+0000
677;d262f2bd4bdf79a640d3fb23f4e9bcc9;6e26b9c3f9b6fec4301e8b926b0b98fb;2022-03-13T10:30:41.370+0000
678;d262f2bd4bdf79a640d3fb23f4e9bcc9;229314f762aa43d6111f378da88b0bfc;2022-03-13T10:45:28.342+0000
679;d262f2bd4bdf79a640d3fb23f4e9bcc9;6e26b9c3f9b6fec4301e8b926b0b98fb;2022-03-13T11:17:59.986+0000
680;d262f2bd4bdf79a640d3fb23f4e9bcc9;376d396bc7ea8c5e5a79127493cacedd;2022-03-13T11:38:38.506+0000
681;84e9bc232072c7c11b4d6b2216386bed;65041c252cd7a342bdce26e6c6d39e76;2022-03-13T14:00:13.190+0000
682;d262f2bd4bdf79a640d3fb23f4e9bcc9;3196d7fa30177220b843fe715e5dd66e;2022-03-13T16:05:44.274+0000
683;d262f2bd4bdf79a640d3fb23f4e9bcc9;ae6cf921650433f7d4e66683fc65ec3d;2022-03-14T08:35:25.554+0000
684;d262f2bd4bdf79a640d3fb23f4e9bcc9;9a1c859564dc9ff056134b32dcee9888;2022-03-14T10:57:17.973+0000
685;d262f2bd4bdf79a640d3fb23f4e9bcc9;3361c38e1928c808b6ada3e88a6225e1;2022-03-14T11:03:25.360+0000
686;d262f2bd4bdf79a640d3fb23f4e9bcc9;546af298ece5158d1f18772b236bd6c2;2022-03-14T11:38:16.658+0000
687;d262f2bd4bdf79a640d3fb23f4e9bcc9;ac61354982556de6c461b70d647798ed;2022-03-14T14:56:17.962+0000
688;a6447c950167e9c6a7ea708abde7707f;a2f0ab6e87bd9a5c756140ff16ccb747;2022-03-14T15:56:23.683+0000
689;84e9bc232072c7c11b4d6b2216386bed;dd26dcd952f9f3b03d11f6deb29bc509;2022-03-15T10:49:56.165+0000
690;d262f2bd4bdf79a640d3fb23f4e9bcc9;fc6dc3177e487825654cf8865872bd9f;2022-03-15T12:00:44.787+0000
691;d262f2bd4bdf79a640d3fb23f4e9bcc9;884848089055540a41486ef448bd4e09;2022-03-15T12:43:46.304+0000
692;d262f2bd4bdf79a640d3fb23f4e9bcc9;a74fa5aaa4f3eb79b8b4aad266de53d0;2022-03-15T12:58:42.673+0000
693;3472dd3614a613ff29f13f5a33cb66b5;d5e18e30dbead3f12ec9614e736d5385;2022-03-15T15:13:45.125+0000
694;8118dfb78850cd5c36f08861fe82350c;d5e18e30dbead3f12ec9614e736d5385;2022-03-15T15:18:32.908+0000
695;d262f2bd4bdf79a640d3fb23f4e9bcc9;766910ad27610084db2c389253ef2dde;2022-03-15T16:33:04.902+0000
696;d262f2bd4bdf79a640d3fb23f4e9bcc9;2954dc9d4c10e7461f8761456577e205;2022-03-15T20:09:15.745+0000
697;d262f2bd4bdf79a640d3fb23f4e9bcc9;eb79327d3316c7373b362e5397a6bf0c;2022-03-16T10:48:08.214+0000
698;69c9ca6813bc3e77820c424f7a0a72f4;44f0dca69327ea170241da287b08b0ce;2022-03-16T17:50:52.336+0000
699;5cd665e1cac633e98254ecafcde8605c;2ebf4f99e0a80d7aed9eb302b5daccf4;2022-03-17T06:09:41.023+0000
700;5cd665e1cac633e98254ecafcde8605c;a53eb65931eb7b9840fc295245f1a80e;2022-03-17T11:12:11.153+0000
701;d262f2bd4bdf79a640d3fb23f4e9bcc9;d1356b9bf4a450ac42d0e370fdc06536;2022-03-17T13:49:42.531+0000
702;d262f2bd4bdf79a640d3fb23f4e9bcc9;d1356b9bf4a450ac42d0e370fdc06536;2022-03-17T14:35:41.603+0000
703;d262f2bd4bdf79a640d3fb23f4e9bcc9;b2682c2d5cf8e6ad85e6f8cc8e3ecbed;2022-03-17T15:45:20.948+0000
704;cca50cfe4f28aa16b6d8e68733a65ef6;795fb9bd5ac701d0160e8c19987c0d5c;2022-03-17T21:54:20.735+0000
705;d262f2bd4bdf79a640d3fb23f4e9bcc9;776b5a176f7a78ae67d81c5e97c739dd;2022-03-17T21:59:11.444+0000
706;84e9bc232072c7c11b4d6b2216386bed;4eb23532d992edcfec8750396dae540d;2022-03-18T09:43:16.636+0000
707;7d81a50652f06f548b9f10ec985793de;4e222ab445303c0a7b6c3c4abd00416b;2022-03-18T11:38:09.307+0000
708;d262f2bd4bdf79a640d3fb23f4e9bcc9;433d0a782c556195798c04bb02361eb5;2022-03-18T14:43:09.123+0000
709;6640a2057810a93511ae00bf4f66357e;7d240c01c422669084c8b66454ecbe18;2022-03-19T09:15:21.255+0000
710;84e9bc232072c7c11b4d6b2216386bed;bc7dcbb91b71351eece8b0b8e496e29e;2022-03-20T11:23:46.829+0000
711;d262f2bd4bdf79a640d3fb23f4e9bcc9;5ffe340032dbccf7fa3262f133061dac;2022-03-20T16:28:02.967+0000
712;72376ee9f5e974dd4c8a69e8e484dfa7;e1043da3caf824054629bf52119d3753;2022-03-22T09:38:53.296+0000
713;d262f2bd4bdf79a640d3fb23f4e9bcc9;ca0e0af6e489716dae32a52111eb221b;2022-03-22T12:51:15.431+0000
714;3472dd3614a613ff29f13f5a33cb66b5;7a34d9be3ecfac0edbbd5f6f589af83d;2022-03-23T21:51:17.933+0000
715;d262f2bd4bdf79a640d3fb23f4e9bcc9;cbecbba819758d58014aa38f102b5746;2022-03-24T09:20:57.821+0000
716;69c9ca6813bc3e77820c424f7a0a72f4;dd26dcd952f9f3b03d11f6deb29bc509;2022-03-24T11:26:45.881+0000
717;09dbc9086751d9582c30cc7f3f81cb9a;ee94a872eb2d940bde2779a866dae1a7;2022-03-24T11:51:34.143+0000
718;72376ee9f5e974dd4c8a69e8e484dfa7;b873278555ec65781a3dac107035cb59;2022-03-24T12:13:47.971+0000
719;6640a2057810a93511ae00bf4f66357e;38f241aefe8a52a101dc915c90b86ba9;2022-03-24T16:12:31.161+0000
720;d262f2bd4bdf79a640d3fb23f4e9bcc9;89dfaa12eb28ef948166125f349e407d;2022-03-24T16:49:12.575+0000
721;69c9ca6813bc3e77820c424f7a0a72f4;ee94a872eb2d940bde2779a866dae1a7;2022-03-26T18:41:03.882+0000
722;166c30ae413d5a8f4d558bf2415ab73d;fa278b94461d62cc3e2e02a816ce79cd;2022-03-27T08:17:57.582+0000
723;d262f2bd4bdf79a640d3fb23f4e9bcc9;816534fb2112b140c8aaaf6ebef6ca6c;2022-03-27T11:56:32.069+0000
724;d262f2bd4bdf79a640d3fb23f4e9bcc9;c20b5cd46b2933e95e7e612741b4d5aa;2022-03-27T11:59:16.242+0000
725;84e9bc232072c7c11b4d6b2216386bed;e1c011fefd05c8db588b860497b1ca3a;2022-03-27T18:26:07.762+0000
726;d262f2bd4bdf79a640d3fb23f4e9bcc9;3b085fed2b26ba686ec12230002a4c6a;2022-03-28T22:06:43.247+0000
727;d262f2bd4bdf79a640d3fb23f4e9bcc9;2676ee6fb5462f593ecc61f9a5c02b1f;2022-03-29T13:17:48.716+0000
728;5cd665e1cac633e98254ecafcde8605c;94ae9fb56f195750e5c6c65132490843;2022-03-29T13:46:14.875+0000
729;09dbc9086751d9582c30cc7f3f81cb9a;b52b54da465b45baf66315b8e0703dd2;2022-03-31T09:29:48.556+0000
730;d262f2bd4bdf79a640d3fb23f4e9bcc9;98c1ce67bb588c3226fec7a77e8272c5;2022-03-31T12:39:47.573+0000
731;72376ee9f5e974dd4c8a69e8e484dfa7;24d6e17ee9f48b255d70e9808d609e82;2022-04-01T13:41:50.870+0000
732;09dbc9086751d9582c30cc7f3f81cb9a;23dae908479e1ae3b219a2af0a5e680c;2022-04-01T15:20:40.140+0000
733;72376ee9f5e974dd4c8a69e8e484dfa7;769d4a0ddb838e8a2d0bb96dfce1c1f6;2022-04-04T11:35:57.210+0000
734;6640a2057810a93511ae00bf4f66357e;5db756c79acbcc7eb38baee7661338aa;2022-04-04T12:51:45.693+0000
735;09dbc9086751d9582c30cc7f3f81cb9a;be596924aa4e67881c42ad0dafc3bd36;2022-04-05T10:58:19.116+0000
736;72376ee9f5e974dd4c8a69e8e484dfa7;a18efef1865d85e15845142194068327;2022-04-06T08:29:00.517+0000
737;84e9bc232072c7c11b4d6b2216386bed;b6e2d8f6ee3e8646319e0c4d40c661ec;2022-04-06T13:08:44.259+0000
738;d262f2bd4bdf79a640d3fb23f4e9bcc9;b99e62a929bee83d57998821712eef70;2022-04-06T13:18:37.060+0000
739;84e9bc232072c7c11b4d6b2216386bed;c3a5b8d07db00a7d71d31aef0d01782e;2022-04-06T13:54:26.842+0000
740;84e9bc232072c7c11b4d6b2216386bed;cbf220d47a6212d3315832dd24045a7f;2022-04-06T17:25:12.356+0000
741;d262f2bd4bdf79a640d3fb23f4e9bcc9;5ce0db3018c62d1c97b230a6a9e24668;2022-04-07T16:27:59.295+0000
742;d262f2bd4bdf79a640d3fb23f4e9bcc9;5ce0db3018c62d1c97b230a6a9e24668;2022-04-07T16:32:59.666+0000
743;d262f2bd4bdf79a640d3fb23f4e9bcc9;16e1d8a9cc7ba7fe4f588072cf9977b4;2022-04-07T20:52:29.741+0000
744;d262f2bd4bdf79a640d3fb23f4e9bcc9;382101ac067eba6e1582f8ba96ed2db9;2022-04-08T07:04:23.612+0000
745;d262f2bd4bdf79a640d3fb23f4e9bcc9;24a8414e2444e9835bd5f0b4a395fb52;2022-04-09T05:19:49.860+0000
746;72376ee9f5e974dd4c8a69e8e484dfa7;839d2f8dee3a471dfacce77c309999f9;2022-04-09T08:51:23.136+0000
747;d262f2bd4bdf79a640d3fb23f4e9bcc9;afca976872f9167502ad9bbada97af7b;2022-04-11T12:47:13.183+0000
748;72376ee9f5e974dd4c8a69e8e484dfa7;ab0a332c6a12bfd3357a9fb1b14b8337;2022-04-11T13:55:55.051+0000
749;09dbc9086751d9582c30cc7f3f81cb9a;c946f6e53d3e71e632c3f38b30b0709b;2022-04-14T16:05:00.841+0000
750;d262f2bd4bdf79a640d3fb23f4e9bcc9;cdac4e1577c9afc5ba48d9229e24daab;2022-04-18T09:12:24.046+0000
751;166c30ae413d5a8f4d558bf2415ab73d;6881e27f695ccff2e99c506aa526a093;2022-04-18T13:54:30.378+0000
752;09dbc9086751d9582c30cc7f3f81cb9a;318650ca9816deb25b2385ac451b0704;2022-04-18T17:48:43.889+0000
753;d9991d1fca71c74702ae13f78f48777f;d90ce6696f886c8d1e6a26ae7e2a5494;2022-04-19T06:33:13.044+0000
754;d262f2bd4bdf79a640d3fb23f4e9bcc9;dae1fc8bbd46cbc387c796ae45004e0e;2022-04-19T13:08:02.440+0000
755;09dbc9086751d9582c30cc7f3f81cb9a;9bf35167e2ec669f30e29c4d979e3643;2022-04-19T15:46:59.520+0000
756;2d562a15e839cb48ed22abba007ff6ce;9bf35167e2ec669f30e29c4d979e3643;2022-04-19T15:49:23.905+0000
757;72376ee9f5e974dd4c8a69e8e484dfa7;776b5a176f7a78ae67d81c5e97c739dd;2022-04-19T15:50:09.391+0000
758;19cdb8621ec69f9069ffa510a4a84f4b;9bf35167e2ec669f30e29c4d979e3643;2022-04-19T16:03:40.183+0000
759;d262f2bd4bdf79a640d3fb23f4e9bcc9;b091ced41abed46d8a2df13a33aaa3f1;2022-04-19T16:46:27.804+0000
760;d1b075ce6771fb8f15d7255634e75922;20d5449a2382b372e8352cc6655ad2f5;2022-04-20T07:13:00.746+0000
761;9d634119b29eef07c03a0dd4aab3cec0;20d5449a2382b372e8352cc6655ad2f5;2022-04-20T07:16:23.680+0000
762;09dbc9086751d9582c30cc7f3f81cb9a;a5f8db4951b845f245c5ec2e28df9922;2022-04-20T14:23:06.529+0000
763;d262f2bd4bdf79a640d3fb23f4e9bcc9;aa912573869337632ba18d8b2f021880;2022-04-21T11:05:41.009+0000
764;09dbc9086751d9582c30cc7f3f81cb9a;35ed038ac11a96a47ecf87b822e6686b;2022-04-21T18:07:49.864+0000
765;2d562a15e839cb48ed22abba007ff6ce;b3e13d6507c513e1d06ef31021d30910;2022-04-22T11:08:14.514+0000
766;d262f2bd4bdf79a640d3fb23f4e9bcc9;ea845a1a2dd36ff04485294486aa0835;2022-04-22T11:53:17.437+0000
767;72376ee9f5e974dd4c8a69e8e484dfa7;ab0a332c6a12bfd3357a9fb1b14b8337;2022-04-22T14:12:57.777+0000
768;3472dd3614a613ff29f13f5a33cb66b5;3d8e7b645fbdf9b1a87041b77c167226;2022-04-22T17:25:04.350+0000
769;09dbc9086751d9582c30cc7f3f81cb9a;c128363460055193efe596d315a536ac;2022-04-23T07:47:11.542+0000
770;09dbc9086751d9582c30cc7f3f81cb9a;060b8acc7b23bbb99fc27f9e8f8e8058;2022-04-23T10:24:40.052+0000
771;09dbc9086751d9582c30cc7f3f81cb9a;c016538dc13d14c428b14d38620f492b;2022-04-24T10:20:48.474+0000
772;09dbc9086751d9582c30cc7f3f81cb9a;f03e2fa50e8f1a84e842e6d12672a20e;2022-04-24T18:51:57.719+0000
773;5cd665e1cac633e98254ecafcde8605c;65b22c8fe5b47d852d0e7f52b48253ee;2022-04-25T11:27:32.534+0000
774;5cd665e1cac633e98254ecafcde8605c;dc0498d06b22daff7b007e3082fe5342;2022-04-26T07:12:59.280+0000
775;d262f2bd4bdf79a640d3fb23f4e9bcc9;1f742776ea88cdbb1076aa0c8f12a4fd;2022-04-26T07:28:39.356+0000
776;3e211ff0449c1ecd55f0ded1588f8f0c;5eaff76a88545270b61aa36aafa3a4c5;2022-04-26T14:17:49.062+0000
777;d262f2bd4bdf79a640d3fb23f4e9bcc9;1ab02a5970fec793bcc77c4f333a3356;2022-04-27T14:10:40.771+0000
778;dbc275f9224414001c14a4a31143b191;dd26dcd952f9f3b03d11f6deb29bc509;2022-04-28T08:03:20.970+0000
779;d885fcb693e41d48e92b2ece83363b1f;f5cbc84ab9f35a90f4957a512f9575bc;2022-04-28T16:06:54.935+0000
780;72376ee9f5e974dd4c8a69e8e484dfa7;dddd00f9bd830e1c48964731dc539135;2022-04-29T10:36:13.193+0000
781;d262f2bd4bdf79a640d3fb23f4e9bcc9;be440c4659bb7e7ce25dfbc4f2dd6a11;2022-04-29T11:50:09.584+0000
782;72376ee9f5e974dd4c8a69e8e484dfa7;66011e55c1fa3b7d21026c1f5f6a1480;2022-04-30T06:50:17.414+0000
783;72376ee9f5e974dd4c8a69e8e484dfa7;3cce52da97e3271e3ca075cbfbbcf64e;2022-04-30T07:09:25.923+0000
784;d262f2bd4bdf79a640d3fb23f4e9bcc9;f70726b26053c34372b7c847e91c826a;2022-04-30T14:09:21.359+0000
785;d262f2bd4bdf79a640d3fb23f4e9bcc9;e8cc01e06d47c731134e43838d7b62ac;2022-05-01T13:03:37.877+0000
786;d262f2bd4bdf79a640d3fb23f4e9bcc9;43f6eeb1fb5c9f66d44fc5f646a71b68;2022-05-02T09:01:08.387+0000
787;d262f2bd4bdf79a640d3fb23f4e9bcc9;cbf220d47a6212d3315832dd24045a7f;2022-05-02T15:41:30.862+0000
788;d262f2bd4bdf79a640d3fb23f4e9bcc9;5b7e0ca4b629ec7148c4bce87b309e57;2022-05-02T18:41:35.523+0000
789;09dbc9086751d9582c30cc7f3f81cb9a;9046c37f6a2de4b26642508116116f32;2022-05-03T10:31:52.766+0000
790;09dbc9086751d9582c30cc7f3f81cb9a;336892ec8e36917022c897e56d6ccc9a;2022-05-03T15:56:36.268+0000
791;d262f2bd4bdf79a640d3fb23f4e9bcc9;c89c4b0c7c431d2071b3b79c60f55da9;2022-05-03T16:01:51.310+0000
792;2d562a15e839cb48ed22abba007ff6ce;93b738fbfb2a57c179331f32e43f1fb8;2022-05-04T08:06:42.379+0000
793;09dbc9086751d9582c30cc7f3f81cb9a;93b738fbfb2a57c179331f32e43f1fb8;2022-05-04T08:09:40.241+0000
794;69c9ca6813bc3e77820c424f7a0a72f4;5c742dba6b0aba381d8b4b5fece9272c;2022-05-04T12:59:04.857+0000
795;84e9bc232072c7c11b4d6b2216386bed;4ea33d04e352c3e1a297f72ca62235cc;2022-05-05T11:13:28.484+0000
796;69c9ca6813bc3e77820c424f7a0a72f4;30cd9bedd029af7bee4131ca55348408;2022-05-12T16:08:34.419+0000
797;84e9bc232072c7c11b4d6b2216386bed;7a506fad8a10d663a13d2e8f668fc7ef;2022-05-13T15:42:56.053+0000
798;84e9bc232072c7c11b4d6b2216386bed;879a9e00568d97e0a4677ee795bb50aa;2022-05-17T07:44:52.503+0000
799;84e9bc232072c7c11b4d6b2216386bed;66ebc9c4a209729ba6637ada3ca3d471;2022-05-17T14:44:09.468+0000
800;8efa0ea08a4c078c82c13d6a721dccfc;404ff42ad028db2b01a13694bb851e22;2022-05-18T17:14:04.559+0000
801;84e9bc232072c7c11b4d6b2216386bed;e7d0609ca2dda39bdbb6fd3adda21e00;2022-05-20T09:04:41.489+0000
802;d262f2bd4bdf79a640d3fb23f4e9bcc9;7d240c01c422669084c8b66454ecbe18;2022-05-20T15:54:19.700+0000
803;d262f2bd4bdf79a640d3fb23f4e9bcc9;dd3390c64e244a8d0c176bead198d5c6;2022-05-24T06:12:44.111+0000
804;6640a2057810a93511ae00bf4f66357e;5ffe340032dbccf7fa3262f133061dac;2022-05-24T10:36:51.874+0000
805;69c9ca6813bc3e77820c424f7a0a72f4;f7f2e5ec44cc3cde86fa3f767be2a6a1;2022-05-24T17:08:19.290+0000
806;69c9ca6813bc3e77820c424f7a0a72f4;5f87880ea030209d574ebc2a6e79e0b3;2022-05-25T12:54:37.175+0000
807;a6447c950167e9c6a7ea708abde7707f;4b52afb120935fc9ef6958ebfafd2e73;2022-05-27T11:52:50.361+0000
808;84e9bc232072c7c11b4d6b2216386bed;1e3c318a63c44ddfeec661b5e5320c35;2022-05-27T12:06:58.414+0000
809;8efa0ea08a4c078c82c13d6a721dccfc;dd26dcd952f9f3b03d11f6deb29bc509;2022-05-27T12:08:17.188+0000
810;d262f2bd4bdf79a640d3fb23f4e9bcc9;ad6aabe676f1a5d08b74b375b4e140cc;2022-06-02T06:09:25.304+0000
811;e4ffdbfda76163e98fde515c7dc1a23d;1e033fb563e3a1b137ee5831a739bf31;2022-06-02T06:32:01.049+0000
812;84e9bc232072c7c11b4d6b2216386bed;a77d2d320c73df7b93fdc1e4a417ffc1;2022-06-03T12:40:21.475+0000
813;d885fcb693e41d48e92b2ece83363b1f;1189a327f15b327eae4b90ddb794741b;2022-06-06T08:39:31.556+0000
814;d262f2bd4bdf79a640d3fb23f4e9bcc9;dffe02d1b5faa6a565ac60687ae80319;2022-06-07T08:39:23.123+0000
815;d262f2bd4bdf79a640d3fb23f4e9bcc9;f25a6d42084099804d73818f22a6a03d;2022-06-07T18:49:02.183+0000
816;3472dd3614a613ff29f13f5a33cb66b5;02513d46e362c7d16f86219fc173e404;2022-06-08T07:21:40.710+0000
817;84e9bc232072c7c11b4d6b2216386bed;2b61c3bddbab22912ee8ccb1cd2ae625;2022-06-08T16:18:30.327+0000
818;edb186778b210027c7b669753cfa40a8;af86323ca34d716332aaa59e384a0f9c;2022-06-09T12:29:23.774+0000
819;d262f2bd4bdf79a640d3fb23f4e9bcc9;14d010a9f6e64c66f6520b314e14c1b2;2022-06-10T09:03:40.088+0000
820;44f9fec3c320dacbffaf1eec5868b24f;99e1a021b862312373b5289834d8284d;2022-06-11T23:43:50.410+0000
821;8efa0ea08a4c078c82c13d6a721dccfc;dd26dcd952f9f3b03d11f6deb29bc509;2022-06-12T09:13:07.938+0000
822;84e9bc232072c7c11b4d6b2216386bed;13e971c5770f64ec7e6a800ece3b8617;2022-06-13T00:04:41.248+0000
823;5cd665e1cac633e98254ecafcde8605c;c2dd2da52b8bd532b805d733aad10930;2022-06-13T08:47:39.537+0000
824;d262f2bd4bdf79a640d3fb23f4e9bcc9;7f98344ae69722b55a14024c1fa37576;2022-06-13T11:18:03.662+0000
825;6640a2057810a93511ae00bf4f66357e;7e1c58e3f64b36ece179c29c63b520e4;2022-06-14T15:23:41.742+0000
826;8efa0ea08a4c078c82c13d6a721dccfc;cd804446737a1f00d1d9e8f3e915615d;2022-06-15T10:18:56.662+0000
827;4da2d77e0cf2404da264aa63149ebc87;3771b14c36f141d06964df5a89502f9b;2022-06-17T10:00:00.000+0000
828;4da2d77e0cf2404da264aa63149ebc87;430671feb6a76f50c186dd50ec611c60;2022-06-17T10:00:00.000+0000
829;4da2d77e0cf2404da264aa63149ebc87;2dde7e3b6e63025812b1e48d65ea0a77;2022-06-17T13:34:30.862+0000
830;4da2d77e0cf2404da264aa63149ebc87;16d8093660e8b9dff6da5a1877034d92;2022-06-17T14:14:52.526+0000
831;4da2d77e0cf2404da264aa63149ebc87;fa88e1aac4c41974699de7f7e84b668c;2022-06-17T14:22:56.377+0000
832;4da2d77e0cf2404da264aa63149ebc87;00baea16078cf651632158d241aa6869;2022-06-17T14:23:02.823+0000
833;4da2d77e0cf2404da264aa63149ebc87;60a78b9c4c905d5ad5a9b8cb5128e0c0;2022-06-17T14:23:16.713+0000
834;4da2d77e0cf2404da264aa63149ebc87;104b8e7a80493c00a67cb256c39594b2;2022-06-18T13:50:06.644+0000
835;4da2d77e0cf2404da264aa63149ebc87;104b8e7a80493c00a67cb256c39594b2;2022-06-18T13:50:13.624+0000
836;4da2d77e0cf2404da264aa63149ebc87;33c93c5e25b813b6eb0d16027c20e7a5;2022-06-18T13:55:45.905+0000
837;4da2d77e0cf2404da264aa63149ebc87;10bb059d626d9606b342132928e08091;2022-06-18T14:08:12.407+0000
838;4da2d77e0cf2404da264aa63149ebc87;561085769add251d7a1cef91b8642162;2022-06-18T14:08:20.286+0000
839;4da2d77e0cf2404da264aa63149ebc87;7c3f606feec1f3b42410aab488684946;2022-06-18T14:11:23.898+0000
840;4da2d77e0cf2404da264aa63149ebc87;43616dc71b5208b39608fe4d52c93b27;2022-06-18T14:31:38.493+0000
841;4da2d77e0cf2404da264aa63149ebc87;04d04df394047469eabcab12879c8b36;2022-06-18T17:59:59.604+0000
842;4da2d77e0cf2404da264aa63149ebc87;1195202ca94d3cd652beef86bf95b0c5;2022-06-19T09:09:53.746+0000
843;4da2d77e0cf2404da264aa63149ebc87;eb5417b2bfb65746fa455941fe1acce1;2022-06-19T09:24:35.559+0000
844;84e9bc232072c7c11b4d6b2216386bed;1c7b2ba1f103066129255f358efba28c;2022-06-19T19:52:11.165+0000
845;6640a2057810a93511ae00bf4f66357e;af86323ca34d716332aaa59e384a0f9c;2022-06-21T08:07:54.072+0000
846;84e9bc232072c7c11b4d6b2216386bed;866482f901d42a885378f034aabfbd7b;2022-06-21T13:21:43.803+0000
847;84e9bc232072c7c11b4d6b2216386bed;4f0a3d137d0f187ce2edc57e65131619;2022-06-22T15:07:09.026+0000
848;3472dd3614a613ff29f13f5a33cb66b5;fd6114e4c44d7c68cfd09ac0a6b1819b;2022-06-24T07:08:16.660+0000
849;8efa0ea08a4c078c82c13d6a721dccfc;2c7ed9c5702aca7e2d8a2945cdec9db1;2022-06-25T09:20:15.347+0000
850;a6447c950167e9c6a7ea708abde7707f;0413a1734b6b59289f2dc8544fbbe531;2022-06-26T17:33:44.000+0000
851;a6447c950167e9c6a7ea708abde7707f;9ec83e8f0d1b4e30cea40762040f96d6;2022-06-26T17:52:04.000+0000
852;a6447c950167e9c6a7ea708abde7707f;b514f6f841754aa9f5080a3e719a13ec;2022-06-26T20:49:37.000+0000
853;5cd665e1cac633e98254ecafcde8605c;9f9b02a03a04f85c2b811b14e40edaa5;2022-06-27T15:02:59.322+0000
854;a6447c950167e9c6a7ea708abde7707f;91bac990523cf357d2ba2d3d02dcebbe;2022-06-29T10:55:49.000+0000
855;8efa0ea08a4c078c82c13d6a721dccfc;deed4559fa1d609d37cfccd604f511ae;2022-06-29T11:14:04.686+0000
856;a6447c950167e9c6a7ea708abde7707f;9821cde4f7ae44dedb1a75d097354c00;2022-06-29T13:39:30.000+0000
857;a6447c950167e9c6a7ea708abde7707f;e96612d244246b634e8d10a5979ffa1d;2022-06-30T09:26:13.000+0000
858;d262f2bd4bdf79a640d3fb23f4e9bcc9;5099b95db310ff6a75fccdb4ca32820b;2022-07-01T09:52:35.847+0000
859;6640a2057810a93511ae00bf4f66357e;118a7a2226531342bdcfbe66f4fc7cd8;2022-07-02T11:09:27.201+0000
860;d262f2bd4bdf79a640d3fb23f4e9bcc9;25499ee2bb6a0bfcef75b86b97d55ae4;2022-07-04T11:25:44.406+0000
861;d262f2bd4bdf79a640d3fb23f4e9bcc9;40948890f29f3843f1c01ac0ea660050;2022-07-04T12:57:19.206+0000
862;d262f2bd4bdf79a640d3fb23f4e9bcc9;93dda18747db6d60fca3797ca5f94e88;2022-07-04T18:12:55.333+0000
863;343405eb589b5f87b684e0f959f3cb4d;34d317f820c1d1e52d777d4691544984;2022-07-05T15:07:32.698+0000
864;84e9bc232072c7c11b4d6b2216386bed;2cfd09b8ebf00dd999521c2b0f8ca5ff;2022-07-05T16:45:05.441+0000
865;6640a2057810a93511ae00bf4f66357e;9ac01115ce777e1e0d82fb528ef6c137;2022-07-07T09:04:39.373+0000
866;3472dd3614a613ff29f13f5a33cb66b5;02c8b83ccdee01d3f679da5758c02af8;2022-07-07T11:41:58.698+0000
867;343405eb589b5f87b684e0f959f3cb4d;4054ae02513bfd177adf06667e40011f;2022-07-07T15:02:49.120+0000
868;84e9bc232072c7c11b4d6b2216386bed;7050ac22cf263bdfb336fb047184ebbd;2022-07-08T16:40:55.874+0000
869;84e9bc232072c7c11b4d6b2216386bed;ec3c37b24e2854ed528eab504ea341a6;2022-07-10T16:57:53.830+0000
870;66bb01811479c7292c731ecf56f292a7;dcea2cf77eba0207c8a5968dbb86a6b5;2022-07-12T08:19:28.000+0000
871;3472dd3614a613ff29f13f5a33cb66b5;baca80c90a0df2199061cf15e9582cbd;2022-07-14T11:17:06.398+0000
872;343405eb589b5f87b684e0f959f3cb4d;d2ab485ab0e661905a7cd25681c44fe8;2022-07-14T15:26:49.548+0000
873;d262f2bd4bdf79a640d3fb23f4e9bcc9;2acc4139b94c43363eaea270e63e07ea;2022-07-15T11:40:42.731+0000
874;cca50cfe4f28aa16b6d8e68733a65ef6;92f468189f68cd5f6c7057458cafaa6f;2022-07-16T19:49:24.000+0000
875;4c942ed1aa31ba680d7428bf5b0d7ef5;a5c3b6a34787510031a4f9de512eb914;2022-07-17T13:15:08.000+0000
876;6640a2057810a93511ae00bf4f66357e;447e95daaa8ba8a4aa7942536d32b79d;2022-07-18T11:01:22.234+0000
877;343405eb589b5f87b684e0f959f3cb4d;4bdf982788b53fb508ed5ce227ae5757;2022-07-18T14:34:51.284+0000
878;84e9bc232072c7c11b4d6b2216386bed;b53bdcbba21f27c3810772bea3831757;2022-07-21T11:33:17.501+0000
879;d262f2bd4bdf79a640d3fb23f4e9bcc9;88329c91e6ef5efa6876ea3e6e641dd3;2022-07-21T16:12:05.677+0000
880;84e9bc232072c7c11b4d6b2216386bed;1b654c55f0a9f6c9dca0ca88d0ca13f0;2022-07-22T10:16:37.709+0000
881;8118dfb78850cd5c36f08861fe82350c;61b13400fa7275eab07353966abcb4f0;2022-07-22T13:41:14.598+0000
882;6640a2057810a93511ae00bf4f66357e;1225414d5cf0dd815a2eee0b1b74da25;2022-07-22T14:06:38.999+0000
883;343405eb589b5f87b684e0f959f3cb4d;4504f0d321f184ec848ced3b6f5ae858;2022-07-23T17:56:02.994+0000
884;d262f2bd4bdf79a640d3fb23f4e9bcc9;864a78fa892592922d3fd804fe38e432;2022-07-24T11:25:12.789+0000
885;343405eb589b5f87b684e0f959f3cb4d;a0dce711b5ae08cb2e5de3457661228f;2022-07-25T14:00:17.670+0000
886;343405eb589b5f87b684e0f959f3cb4d;6bf9be83628bb1f3811a88d70a9de1e4;2022-07-25T17:25:29.101+0000
887;6640a2057810a93511ae00bf4f66357e;f8fad1841495834df2834c8282431ba8;2022-07-26T09:06:15.971+0000
888;13bdaa572d34101d54753442020ca87c;18f9a482009ec013f9d7f6e3252550de;2022-07-26T10:29:00.000+0000
889;84e9bc232072c7c11b4d6b2216386bed;2da951a961b39c04b444c96b2cbb1c0d;2022-07-26T13:23:58.542+0000
890;5cd665e1cac633e98254ecafcde8605c;2b6680bb093b99d91c6dd4e0ad2139e8;2022-07-26T13:35:55.935+0000
891;84e9bc232072c7c11b4d6b2216386bed;018d6e9b3db5808ddf90345f61f15c97;2022-07-26T18:18:05.876+0000
892;c7329eb70b7e375400ed08f1d111916f;5961c9678946f37fa91100cde94bb40f;2022-07-27T13:41:55.000+0000
893;343405eb589b5f87b684e0f959f3cb4d;bad9111aacf826e71f1b845eaf1367aa;2022-07-27T13:52:56.355+0000
894;343405eb589b5f87b684e0f959f3cb4d;b460d7c37da973e3098bac411a04ec56;2022-07-27T17:33:28.124+0000
895;16a9a77c3c0735b84963a7412da4757e;5961c9678946f37fa91100cde94bb40f;2022-07-28T08:21:27.000+0000
896;343405eb589b5f87b684e0f959f3cb4d;b3e53c7ca2b3c3cbdb15f5497abb39dd;2022-07-28T14:53:03.412+0000
897;16a9a77c3c0735b84963a7412da4757e;5961c9678946f37fa91100cde94bb40f;2022-07-28T19:04:51.000+0000
898;343405eb589b5f87b684e0f959f3cb4d;e4958bab49bb7cfd649854076944c7c3;2022-07-29T14:59:17.803+0000
899;343405eb589b5f87b684e0f959f3cb4d;e5b51483588fa0b90238150383a9e7ae;2022-07-29T17:58:44.966+0000
900;e32d3b07c8cb2e1e23ae0e937eee7e78;60272cbb6724417b72b300ae07212e9e;2022-07-30T16:47:22.000+0000
901;fa2bec00bc44a4f8b065e458b4f05aaa;60272cbb6724417b72b300ae07212e9e;2022-07-30T16:50:30.000+0000
902;ca91ef7dd2e2bb5c8fe43774586f7169;60272cbb6724417b72b300ae07212e9e;2022-07-30T16:52:43.000+0000
903;d1732db2ba70d2756a0e43523dc16078;18f9a482009ec013f9d7f6e3252550de;2022-07-31T19:01:56.000+0000
904;d1732db2ba70d2756a0e43523dc16078;18f9a482009ec013f9d7f6e3252550de;2022-08-01T15:34:53.000+0000
905;ca91ef7dd2e2bb5c8fe43774586f7169;4362b86601568399b70b5fd836b25af3;2022-08-02T10:36:30.000+0000
906;343405eb589b5f87b684e0f959f3cb4d;9ec6a1d4c3bbd04ac3a54735a348e8b4;2022-08-02T17:23:28.582+0000
907;84e9bc232072c7c11b4d6b2216386bed;adb17e7fe7680f1a02eb46c72054833b;2022-08-03T06:42:43.833+0000
908;fa2bec00bc44a4f8b065e458b4f05aaa;192ecd55c78f298784493333497b9fa2;2022-08-03T08:18:49.000+0000
909;e32d3b07c8cb2e1e23ae0e937eee7e78;192ecd55c78f298784493333497b9fa2;2022-08-03T08:21:07.000+0000
910;ca91ef7dd2e2bb5c8fe43774586f7169;192ecd55c78f298784493333497b9fa2;2022-08-03T09:20:37.000+0000
911;d262f2bd4bdf79a640d3fb23f4e9bcc9;2a36cd50bd8b8239500a775412e2b623;2022-08-03T10:31:55.274+0000
912;84e9bc232072c7c11b4d6b2216386bed;5c60fd0ef47b8e0f729a0f1a4d718aac;2022-08-03T16:22:40.626+0000
913;d1732db2ba70d2756a0e43523dc16078;587e9fd1f5e01aed60a11ad0111f68dd;2022-08-04T07:27:38.000+0000
914;343405eb589b5f87b684e0f959f3cb4d;64652504683157279326133d3bf166c3;2022-08-04T12:49:32.866+0000
915;303ee2b1457287ab6e324a7fd66f1783;be440c4659bb7e7ce25dfbc4f2dd6a11;2022-08-05T11:17:15.000+0000
916;698b9beeb2fbfa994aa5316fed0e5048;be440c4659bb7e7ce25dfbc4f2dd6a11;2022-08-05T11:21:28.000+0000
917;66bb01811479c7292c731ecf56f292a7;d31ee6ccc25a6ff6bd1924ce6438e770;2022-08-05T20:51:06.000+0000
918;343405eb589b5f87b684e0f959f3cb4d;401eb13521a93279a692191154aac94c;2022-08-06T13:20:50.882+0000
919;cca50cfe4f28aa16b6d8e68733a65ef6;911d8f66c879b25a7426e26ed311d118;2022-08-07T06:09:34.000+0000
920;fa2bec00bc44a4f8b065e458b4f05aaa;394284c182efa4dc43fbc1980436ea07;2022-08-07T15:52:01.000+0000
921;698b9beeb2fbfa994aa5316fed0e5048;4b7adee4aea8a2c49d7df8e4d2cb527c;2022-08-07T18:11:57.000+0000
922;343405eb589b5f87b684e0f959f3cb4d;66f9615de8b725fc7cec312d8ba3c7b3;2022-08-08T13:15:21.201+0000
923;d1732db2ba70d2756a0e43523dc16078;71708e04a9db227261308e3f95e2ca71;2022-08-08T14:46:20.000+0000
924;7d81a50652f06f548b9f10ec985793de;6cda9b0980c3f483c88cc7b6b6005fd5;2022-08-08T17:20:47.000+0000
925;cca50cfe4f28aa16b6d8e68733a65ef6;37a118ff12cc1de49b9bcb3272d1b42e;2022-08-09T06:47:07.000+0000
926;343405eb589b5f87b684e0f959f3cb4d;31f7f0dcba98d3ecc768bced0e176fc1;2022-08-10T17:32:25.399+0000
927;343405eb589b5f87b684e0f959f3cb4d;ab67cae19c02b55057210e55e90858f7;2022-08-10T17:41:57.580+0000
928;343405eb589b5f87b684e0f959f3cb4d;18ed807133f9ea78d1c6de2ecc51cfd4;2022-08-11T17:36:13.171+0000
929;cca50cfe4f28aa16b6d8e68733a65ef6;5a3e1f24ceb30d8c01723c6d1291eaaa;2022-08-11T19:26:53.246+0000
930;84e9bc232072c7c11b4d6b2216386bed;a468b84b34b2416137a0cbe7f5bf174e;2022-08-12T15:10:59.733+0000
931;343405eb589b5f87b684e0f959f3cb4d;953985f40819613291d7bd740f4aa07b;2022-08-12T18:06:59.641+0000
